<?xml version='1.0' encoding='UTF-8'?>
<MDTO xmlns="https://www.nationaalarchief.nl/mdto" xmlns:xsi="http://www.w3.org/2001/XMLSchema-instance" xsi:schemaLocation="https://www.nationaalarchief.nl/mdto https://www.nationaalarchief.nl/mdto/MDTO-XML1.0.1.xsd">
	<informatieobject>
        <identificatie>
            <identificatieKenmerk>8088a20808a0280002a000280b25219e</identificatieKenmerk>
			<identificatieBron>Parlaeus</identificatieBron>
        </identificatie>
        <naam>Gemeenteraad 20-11-2023</naam>
        <aggregatieniveau>
            <begripLabel>Dossier</begripLabel>
            <begripBegrippenlijst>
                <verwijzingNaam>Begrippenlijst Aggregatieniveaus MDTO</verwijzingNaam>
            </begripBegrippenlijst>
        </aggregatieniveau>
        <waardering>
            <begripLabel>Blijvend te bewaren</begripLabel>
            <begripCode>B</begripCode>
            <begripBegrippenlijst>
                <verwijzingNaam>Begrippenlijst Waarderingen MDTO</verwijzingNaam>
            </begripBegrippenlijst>
        </waardering>
        <aanvullendeMetagegevens>
            <verwijzingNaam>Voorbeeld.ori-a.xml</verwijzingNaam>
        </aanvullendeMetagegevens>
        <archiefvormer>
            <verwijzingNaam>Gemeente Leiden</verwijzingNaam>
            <verwijzingIdentificatie>
				<identificatieKenmerk>gm0546</identificatieKenmerk>
				<identificatieBron>TOOI register gemeenten compleet</identificatieBron>
			</verwijzingIdentificatie>
        </archiefvormer>
        <beperkingGebruik>
			<beperkingGebruikType>
				<begripLabel>Geen beperking</begripLabel>
				<begripBegrippenlijst>
					<verwijzingNaam>Begrippenlijst BeperkingGebruikType MDTO</verwijzingNaam>
				</begripBegrippenlijst>
			</beperkingGebruikType>
		</beperkingGebruik>
    </informatieobject>
</MDTO>
