<?xml version='1.0' encoding='utf-8'?>
<ORI-A xmlns="https://ori-a.nl" xmlns:xsi="http://www.w3.org/2001/XMLSchema-instance" xsi:schemaLocation="https://ori-a.nl https://github.com/Regionaal-Archief-Rivierenland/ORI-A-XSD/releases/download/v0.0.15/ORI-A.xsd">
    <vergadering>
        <ID>20a280a8a8a88220008208822f6b6b02</ID>
        <naam>Gemeenteraad</naam>
        <vergaderingstype>
            <begripLabel>Raadsvergadering</begripLabel>
            <verwijzingBegrippenlijst>
                <verwijzingID>https://ori-a.nl/begrippenlijsten#vergaderingstypes</verwijzingID>
            </verwijzingBegrippenlijst>
        </vergaderingstype>
        <locatie>Raadzaal Stadhuis</locatie>
        <weblocatie>https://leiden.parlaeus.nl/app/public/agenda/8028228820022a0a0282a0a8814c778c/vod</weblocatie>
        <status>Gehouden</status>
        <vergaderdatum>2023-11-30</vergaderdatum>
        <aanvangVergadering>2023-11-30T20:00:00</aanvangVergadering>
        <eindeVergadering>2023-11-30T23:00:00</eindeVergadering>
        <publicatiedatum>2023-12-15T14:12:15</publicatiedatum>
        <bestuurslaag>
            <begripLabel>Gemeente Leiden</begripLabel>
            <begripCode>gm0546</begripCode>
            <verwijzingBegrippenlijst>
                <verwijzingID>https://identifier.overheid.nl/tooi/set/rwc_gemeenten_compleet/4</verwijzingID>
                <verwijzingNaam>Register gemeenten compleet</verwijzingNaam>
            </verwijzingBegrippenlijst>
        </bestuurslaag>
        <isVastgelegdMiddels>
            <informatieobjectType>
                <begripLabel>Video</begripLabel>
                <verwijzingBegrippenlijst>
                    <verwijzingID>https://ori-a.nl/begrippenlijsten#mediabron-types</verwijzingID>
                </verwijzingBegrippenlijst>
            </informatieobjectType>
            <verwijzingInformatieobject>
                <verwijzingID>8088a20808a0280002a000280b25219e</verwijzingID>
                <verwijzingNaam>Videotuul Gemeenteraad 30 november 2023</verwijzingNaam>
            </verwijzingInformatieobject>
        </isVastgelegdMiddels>
        <isVastgelegdMiddels>
            <informatieobjectType>
                <begripLabel>Transcriptie</begripLabel>
                <verwijzingBegrippenlijst>
                    <verwijzingID>https://ori-a.nl/begrippenlijsten#mediabron-types</verwijzingID>
                </verwijzingBegrippenlijst>
            </informatieobjectType>
            <verwijzingInformatieobject>
                <verwijzingID>a2a228082a200a88002a22f019b92</verwijzingID>
                <verwijzingNaam>23-11-30 Transcript Raadsvergadering Leiden</verwijzingNaam>
            </verwijzingInformatieobject>
        </isVastgelegdMiddels>
    </vergadering>

    <!-- Agendapunten -->
    <agendapunt>
        <ID>2028a00aaa2a8aaa00a2aab6bdaef</ID>
        <volgnummer>22</volgnummer>
        <starttijd>2023-11-30T20:22:26</starttijd>
        <titel>RV 23.0081 Delegatiebesluit Omgevingsplan Leiden 2023</titel>
        <hamerstuk>false</hamerstuk>
        <behandeld>true</behandeld>
        <besloten>false</besloten>
        <heeftAlsBijlage>
            <informatieobjectType>
                <begripLabel>Voorstel</begripLabel>
                <verwijzingBegrippenlijst>
                    <verwijzingID>https://ori-a.nl/begrippenlijsten#vergaderstuk-types</verwijzingID>
                </verwijzingBegrippenlijst>
            </informatieobjectType>
            <verwijzingInformatieobject>
                <verwijzingID>0222a20280888a00002a00f22242c</verwijzingID>
                <verwijzingNaam>RV 23.0081 Delegatiebesluit Omgevingsplan Leiden 2023</verwijzingNaam>
            </verwijzingInformatieobject>
        </heeftAlsBijlage>
        <heeftAlsBijlage>
            <informatieobjectType>
                <begripLabel>Amendement</begripLabel>
                <verwijzingBegrippenlijst>
                    <verwijzingID>https://ori-a.nl/begrippenlijsten#vergaderstuk-types</verwijzingID>
                </verwijzingBegrippenlijst>
            </informatieobjectType>
            <verwijzingInformatieobject>
                <verwijzingID>a8882a2a0a002a82002a82f804b4a</verwijzingID>
                <verwijzingNaam>A.23.0081.02 INGETROKKEN GL Schrappen delegatie karakteristieke panden</verwijzingNaam>
            </verwijzingInformatieobject>
        </heeftAlsBijlage>
    </agendapunt>
    <agendapunt>
        <ID>202282aa200aa08200a2821eb50cf</ID>
        <volgnummer>23</volgnummer>
        <starttijd>2023-11-30T20:59:40</starttijd>
        <titel>RV 23.0082 Aanscherping adviesrecht onder de Omgevingswet</titel>
        <hamerstuk>false</hamerstuk>
        <behandeld>true</behandeld>
        <besloten>false</besloten>
        <heeftBehandelendAmbtenaar>
            <verwijzingID>Persoon-11</verwijzingID>
            <verwijzingNaam>Julius Terpstra</verwijzingNaam>
        </heeftBehandelendAmbtenaar>
    </agendapunt>

    <!-- Stemmingen -->
    <stemming>
        <ID>RV 23.0081</ID>
        <stemmingstype>Regulier</stemmingstype>
        <leidtTotBesluit>
            <verwijzingID>besluit-4128</verwijzingID>
        </leidtTotBesluit>
        <heeftBetrekkingOpAgendapunt>
            <verwijzingID>2028a00aaa2a8aaa00a2aab6bdaef</verwijzingID>
            <verwijzingNaam>RV 23.0081 Delegatiebesluit Omgevingsplan Leiden 2023</verwijzingNaam>
        </heeftBetrekkingOpAgendapunt>
        <heeftBetrekkingOpBesluitvormingsstuk>
            <informatieobjectType>
                <begripLabel>Voorstel</begripLabel>
                <verwijzingBegrippenlijst>
                    <verwijzingID>https://ori-a.nl/begrippenlijsten#vergaderstuk-types</verwijzingID>
                </verwijzingBegrippenlijst>
            </informatieobjectType>
            <verwijzingInformatieobject>
                <verwijzingID>0222a20280888a00002a00f22242c</verwijzingID>
                <verwijzingNaam>RV 23.0081 Delegatiebesluit Omgevingsplan Leiden 2023</verwijzingNaam>
            </verwijzingInformatieobject>
        </heeftBetrekkingOpBesluitvormingsstuk>
    </stemming>

    <!-- Besluiten -->
    <besluit>
        <ID>besluit-4128</ID>
        <toezegging>De wethouder belooft een preciezere schatting van de verwachte CO² uitstoot.</toezegging>
        <besluitResultaat>Aangenomen</besluitResultaat>
    </besluit>

    <!-- Fracties -->
    <fractie>
        <ID>D66-gm0546</ID>
        <fractienaam>D66</fractienaam>
        <neemtDeelAanStemming>
            <fractieStemresultaat>Verdeeld</fractieStemresultaat>
            <verwijzingStemming>
                <verwijzingID>RV 23.0081</verwijzingID>
            </verwijzingStemming>
        </neemtDeelAanStemming>
    </fractie>
    <fractie>
        <ID>GL-gm0546</ID>
        <fractienaam>GL</fractienaam>
        <neemtDeelAanStemming>
            <fractieStemresultaat>Aangenomen</fractieStemresultaat>
            <verwijzingStemming>
                <verwijzingID>RV 23.0081</verwijzingID>
            </verwijzingStemming>
        </neemtDeelAanStemming>
    </fractie>
    <fractie>
        <ID>VVD-gm0546</ID>
        <fractienaam>VVD</fractienaam>
        <neemtDeelAanStemming>
            <fractieStemresultaat>Verworpen</fractieStemresultaat>
            <verwijzingStemming>
                <verwijzingID>RV 23.0081</verwijzingID>
            </verwijzingStemming>
        </neemtDeelAanStemming>
    </fractie>
    <fractie>
        <ID>PvdA-gm0546</ID>
        <fractienaam>PvdA</fractienaam>
        <neemtDeelAanStemming>
            <fractieStemresultaat>Aangenomen</fractieStemresultaat>
            <verwijzingStemming>
                <verwijzingID>RV 23.0081</verwijzingID>
            </verwijzingStemming>
        </neemtDeelAanStemming>
    </fractie>
    <fractie>
        <ID>SP-gm0546</ID>
        <fractienaam>SP</fractienaam>
        <neemtDeelAanStemming>
            <fractieStemresultaat>Aangenomen</fractieStemresultaat>
            <verwijzingStemming>
                <verwijzingID>RV 23.0081</verwijzingID>
            </verwijzingStemming>
        </neemtDeelAanStemming>
    </fractie>
    <fractie>
        <ID>PS-gm0546</ID>
        <fractienaam>PS</fractienaam>
        <neemtDeelAanStemming>
            <fractieStemresultaat>Aangenomen</fractieStemresultaat>
            <verwijzingStemming>
                <verwijzingID>RV 23.0081</verwijzingID>
            </verwijzingStemming>
        </neemtDeelAanStemming>
    </fractie>
    <fractie>
        <ID>CDA-gm0546</ID>
        <fractienaam>CDA</fractienaam>
        <neemtDeelAanStemming>
            <fractieStemresultaat>Aangenomen</fractieStemresultaat>
            <verwijzingStemming>
                <verwijzingID>RV 23.0081</verwijzingID>
            </verwijzingStemming>
        </neemtDeelAanStemming>
    </fractie>

    <!-- Dagelijks bestuur -->
    <dagelijksBestuur>
        <ID>College van B&amp;W-gm0546</ID>
        <dagelijksBestuurNaam>College van B&amp;W</dagelijksBestuurNaam>
        <dagelijksBestuurType>
            <begripLabel>College</begripLabel>
            <verwijzingBegrippenlijst>
                <verwijzingID>https://ori-a.nl/begrippenlijsten#dagelijks-bestuur-types</verwijzingID>
                <verwijzingNaam>ORI-A dagelijks bestuur types</verwijzingNaam>
            </verwijzingBegrippenlijst>
        </dagelijksBestuurType>
        <bestuurslaag>
            <begripLabel>Gemeente Leiden</begripLabel>
            <begripCode>gm0546</begripCode>
            <verwijzingBegrippenlijst>
                <verwijzingID>https://identifier.overheid.nl/tooi/set/rwc_gemeenten_compleet/4</verwijzingID>
                <verwijzingNaam>TOOI Register gemeenten compleet</verwijzingNaam>
            </verwijzingBegrippenlijst>
        </bestuurslaag>
    </dagelijksBestuur>

    <!-- Afwezig raadslid  -->
    <persoonBuitenVergadering>
        <ID>Persoon-13</ID>
        <naam>
            <achternaam>Vliet</achternaam>
            <tussenvoegsel>van</tussenvoegsel>
            <volledigeNaam>Maaike van Vliet</volledigeNaam>
        </naam>
        <isLidVanFractie>
            <voorzitter>false</voorzitter>
            <verwijzingFractie>
                <verwijzingID>VVD-gm0546</verwijzingID>
            </verwijzingFractie>
        </isLidVanFractie>
    </persoonBuitenVergadering>

    <!-- Deelnemers -->
    <aanwezigeDeelnemer>
        <rolnaam>
            <begripLabel>Voorzitter</begripLabel>
            <verwijzingBegrippenlijst>
                <verwijzingID>https://ori-a.nl/begrippenlijsten#deelnemerrollen</verwijzingID>
            </verwijzingBegrippenlijst>
        </rolnaam>
        <isNatuurlijkPersoon>
            <ID>Persoon-0</ID>
            <functie>
                <begripLabel>Burgemeester</begripLabel>
                <verwijzingBegrippenlijst>
                    <verwijzingID>https://ori-a.nl/begrippenlijsten#functies</verwijzingID>
                </verwijzingBegrippenlijst>
            </functie>
            <naam>
                <achternaam>Velden</achternaam>
                <tussenvoegsel>van der</tussenvoegsel>
                <volledigeNaam>Peter van der Velden</volledigeNaam>
            </naam>
            <isLidVanDagelijksBestuur>
                <datumBeginDagelijksBestuurLidmaatschap>2023-09-01</datumBeginDagelijksBestuurLidmaatschap>
                <verwijzingDagelijksBestuur>
                    <verwijzingID>College van B&amp;W-gm0546</verwijzingID>
                </verwijzingDagelijksBestuur>
            </isLidVanDagelijksBestuur>
        </isNatuurlijkPersoon>
        <!-- todo: provide one complete spreekfragment -->
        <spreektTijdensSpreekfragment>
            <videoTijdsaanduidingAanvang>00:00:00</videoTijdsaanduidingAanvang>
            <spreektTijdensAgendapunt>
                <verwijzingID>2028a00aaa2a8aaa00a2aab6bdaef</verwijzingID>
            </spreektTijdensAgendapunt>
        </spreektTijdensSpreekfragment>
        <spreektTijdensSpreekfragment>
            <videoTijdsaanduidingAanvang>00:02:20</videoTijdsaanduidingAanvang>
            <spreektTijdensAgendapunt>
                <verwijzingID>2028a00aaa2a8aaa00a2aab6bdaef</verwijzingID>
            </spreektTijdensAgendapunt>
        </spreektTijdensSpreekfragment>
        <spreektTijdensSpreekfragment>
            <videoTijdsaanduidingAanvang>00:02:33</videoTijdsaanduidingAanvang>
            <spreektTijdensAgendapunt>
                <verwijzingID>2028a00aaa2a8aaa00a2aab6bdaef</verwijzingID>
            </spreektTijdensAgendapunt>
        </spreektTijdensSpreekfragment>
        <spreektTijdensSpreekfragment>
            <videoTijdsaanduidingAanvang>00:05:10</videoTijdsaanduidingAanvang>
            <spreektTijdensAgendapunt>
                <verwijzingID>2028a00aaa2a8aaa00a2aab6bdaef</verwijzingID>
            </spreektTijdensAgendapunt>
        </spreektTijdensSpreekfragment>
        <spreektTijdensSpreekfragment>
            <videoTijdsaanduidingAanvang>00:05:29</videoTijdsaanduidingAanvang>
            <spreektTijdensAgendapunt>
                <verwijzingID>2028a00aaa2a8aaa00a2aab6bdaef</verwijzingID>
            </spreektTijdensAgendapunt>
        </spreektTijdensSpreekfragment>
        <spreektTijdensSpreekfragment>
            <videoTijdsaanduidingAanvang>00:05:46</videoTijdsaanduidingAanvang>
            <spreektTijdensAgendapunt>
                <verwijzingID>2028a00aaa2a8aaa00a2aab6bdaef</verwijzingID>
            </spreektTijdensAgendapunt>
        </spreektTijdensSpreekfragment>
        <spreektTijdensSpreekfragment>
            <videoTijdsaanduidingAanvang>00:06:40</videoTijdsaanduidingAanvang>
            <spreektTijdensAgendapunt>
                <verwijzingID>2028a00aaa2a8aaa00a2aab6bdaef</verwijzingID>
            </spreektTijdensAgendapunt>
        </spreektTijdensSpreekfragment>
        <spreektTijdensSpreekfragment>
            <videoTijdsaanduidingAanvang>00:12:17</videoTijdsaanduidingAanvang>
            <spreektTijdensAgendapunt>
                <verwijzingID>2028a00aaa2a8aaa00a2aab6bdaef</verwijzingID>
            </spreektTijdensAgendapunt>
        </spreektTijdensSpreekfragment>
        <spreektTijdensSpreekfragment>
            <videoTijdsaanduidingAanvang>00:12:32</videoTijdsaanduidingAanvang>
            <spreektTijdensAgendapunt>
                <verwijzingID>2028a00aaa2a8aaa00a2aab6bdaef</verwijzingID>
            </spreektTijdensAgendapunt>
        </spreektTijdensSpreekfragment>
        <spreektTijdensSpreekfragment>
            <videoTijdsaanduidingAanvang>00:13:28</videoTijdsaanduidingAanvang>
            <spreektTijdensAgendapunt>
                <verwijzingID>2028a00aaa2a8aaa00a2aab6bdaef</verwijzingID>
            </spreektTijdensAgendapunt>
        </spreektTijdensSpreekfragment>
        <spreektTijdensSpreekfragment>
            <videoTijdsaanduidingAanvang>00:14:05</videoTijdsaanduidingAanvang>
            <spreektTijdensAgendapunt>
                <verwijzingID>2028a00aaa2a8aaa00a2aab6bdaef</verwijzingID>
            </spreektTijdensAgendapunt>
        </spreektTijdensSpreekfragment>
        <spreektTijdensSpreekfragment>
            <videoTijdsaanduidingAanvang>00:15:01</videoTijdsaanduidingAanvang>
            <spreektTijdensAgendapunt>
                <verwijzingID>2028a00aaa2a8aaa00a2aab6bdaef</verwijzingID>
            </spreektTijdensAgendapunt>
        </spreektTijdensSpreekfragment>
        <spreektTijdensSpreekfragment>
            <videoTijdsaanduidingAanvang>00:15:45</videoTijdsaanduidingAanvang>
            <spreektTijdensAgendapunt>
                <verwijzingID>2028a00aaa2a8aaa00a2aab6bdaef</verwijzingID>
            </spreektTijdensAgendapunt>
        </spreektTijdensSpreekfragment>
        <spreektTijdensSpreekfragment>
            <videoTijdsaanduidingAanvang>00:17:43</videoTijdsaanduidingAanvang>
            <spreektTijdensAgendapunt>
                <verwijzingID>2028a00aaa2a8aaa00a2aab6bdaef</verwijzingID>
            </spreektTijdensAgendapunt>
        </spreektTijdensSpreekfragment>
        <spreektTijdensSpreekfragment>
            <videoTijdsaanduidingAanvang>00:18:14</videoTijdsaanduidingAanvang>
            <spreektTijdensAgendapunt>
                <verwijzingID>2028a00aaa2a8aaa00a2aab6bdaef</verwijzingID>
            </spreektTijdensAgendapunt>
        </spreektTijdensSpreekfragment>
        <spreektTijdensSpreekfragment>
            <videoTijdsaanduidingAanvang>00:18:56</videoTijdsaanduidingAanvang>
            <spreektTijdensAgendapunt>
                <verwijzingID>2028a00aaa2a8aaa00a2aab6bdaef</verwijzingID>
            </spreektTijdensAgendapunt>
        </spreektTijdensSpreekfragment>
        <spreektTijdensSpreekfragment>
            <videoTijdsaanduidingAanvang>00:19:11</videoTijdsaanduidingAanvang>
            <spreektTijdensAgendapunt>
                <verwijzingID>2028a00aaa2a8aaa00a2aab6bdaef</verwijzingID>
            </spreektTijdensAgendapunt>
        </spreektTijdensSpreekfragment>
        <spreektTijdensSpreekfragment>
            <videoTijdsaanduidingAanvang>00:19:29</videoTijdsaanduidingAanvang>
            <spreektTijdensAgendapunt>
                <verwijzingID>2028a00aaa2a8aaa00a2aab6bdaef</verwijzingID>
            </spreektTijdensAgendapunt>
        </spreektTijdensSpreekfragment>
        <spreektTijdensSpreekfragment>
            <videoTijdsaanduidingAanvang>00:20:28</videoTijdsaanduidingAanvang>
            <spreektTijdensAgendapunt>
                <verwijzingID>2028a00aaa2a8aaa00a2aab6bdaef</verwijzingID>
            </spreektTijdensAgendapunt>
        </spreektTijdensSpreekfragment>
        <spreektTijdensSpreekfragment>
            <videoTijdsaanduidingAanvang>00:21:23</videoTijdsaanduidingAanvang>
            <spreektTijdensAgendapunt>
                <verwijzingID>2028a00aaa2a8aaa00a2aab6bdaef</verwijzingID>
            </spreektTijdensAgendapunt>
        </spreektTijdensSpreekfragment>
        <spreektTijdensSpreekfragment>
            <videoTijdsaanduidingAanvang>00:22:13</videoTijdsaanduidingAanvang>
            <spreektTijdensAgendapunt>
                <verwijzingID>2028a00aaa2a8aaa00a2aab6bdaef</verwijzingID>
            </spreektTijdensAgendapunt>
        </spreektTijdensSpreekfragment>
        <spreektTijdensSpreekfragment>
            <videoTijdsaanduidingAanvang>00:22:18</videoTijdsaanduidingAanvang>
            <spreektTijdensAgendapunt>
                <verwijzingID>2028a00aaa2a8aaa00a2aab6bdaef</verwijzingID>
            </spreektTijdensAgendapunt>
        </spreektTijdensSpreekfragment>
        <spreektTijdensSpreekfragment>
            <videoTijdsaanduidingAanvang>00:22:57</videoTijdsaanduidingAanvang>
            <spreektTijdensAgendapunt>
                <verwijzingID>2028a00aaa2a8aaa00a2aab6bdaef</verwijzingID>
            </spreektTijdensAgendapunt>
        </spreektTijdensSpreekfragment>
        <spreektTijdensSpreekfragment>
            <videoTijdsaanduidingAanvang>00:23:26</videoTijdsaanduidingAanvang>
            <spreektTijdensAgendapunt>
                <verwijzingID>2028a00aaa2a8aaa00a2aab6bdaef</verwijzingID>
            </spreektTijdensAgendapunt>
        </spreektTijdensSpreekfragment>
        <spreektTijdensSpreekfragment>
            <videoTijdsaanduidingAanvang>00:23:41</videoTijdsaanduidingAanvang>
            <spreektTijdensAgendapunt>
                <verwijzingID>2028a00aaa2a8aaa00a2aab6bdaef</verwijzingID>
            </spreektTijdensAgendapunt>
        </spreektTijdensSpreekfragment>
        <spreektTijdensSpreekfragment>
            <videoTijdsaanduidingAanvang>00:23:42</videoTijdsaanduidingAanvang>
            <spreektTijdensAgendapunt>
                <verwijzingID>2028a00aaa2a8aaa00a2aab6bdaef</verwijzingID>
            </spreektTijdensAgendapunt>
        </spreektTijdensSpreekfragment>
        <spreektTijdensSpreekfragment>
            <videoTijdsaanduidingAanvang>00:25:48</videoTijdsaanduidingAanvang>
            <spreektTijdensAgendapunt>
                <verwijzingID>2028a00aaa2a8aaa00a2aab6bdaef</verwijzingID>
            </spreektTijdensAgendapunt>
        </spreektTijdensSpreekfragment>
        <spreektTijdensSpreekfragment>
            <videoTijdsaanduidingAanvang>00:26:22</videoTijdsaanduidingAanvang>
            <spreektTijdensAgendapunt>
                <verwijzingID>202282aa200aa08200a2821eb50cf</verwijzingID>
            </spreektTijdensAgendapunt>
        </spreektTijdensSpreekfragment>
        <spreektTijdensSpreekfragment>
            <videoTijdsaanduidingAanvang>00:27:46</videoTijdsaanduidingAanvang>
            <spreektTijdensAgendapunt>
                <verwijzingID>202282aa200aa08200a2821eb50cf</verwijzingID>
            </spreektTijdensAgendapunt>
        </spreektTijdensSpreekfragment>
        <spreektTijdensSpreekfragment>
            <videoTijdsaanduidingAanvang>00:28:49</videoTijdsaanduidingAanvang>
            <spreektTijdensAgendapunt>
                <verwijzingID>202282aa200aa08200a2821eb50cf</verwijzingID>
            </spreektTijdensAgendapunt>
        </spreektTijdensSpreekfragment>
    </aanwezigeDeelnemer>
    <aanwezigeDeelnemer>
        <rolnaam>
            <begripLabel>Raadslid</begripLabel>
            <verwijzingBegrippenlijst>
                <verwijzingID>https://ori-a.nl/begrippenlijsten#deelnemerrollen</verwijzingID>
            </verwijzingBegrippenlijst>
        </rolnaam>
        <isNatuurlijkPersoon>
            <ID>Persoon-1</ID>
            <geslachtsaanduiding>Man</geslachtsaanduiding>
            <functie>
                <begripLabel>Raadslid</begripLabel>
                <verwijzingBegrippenlijst>
                    <verwijzingID>https://ori-a.nl/begrippenlijsten#functies</verwijzingID>
                </verwijzingBegrippenlijst>
            </functie>
            <naam>
                <achternaam>Vos</achternaam>
                <volledigeNaam>Thijs Vos</volledigeNaam>
            </naam>
            <nevenfunctie>
                <omschrijving>Promovendus</omschrijving>
                <naamOrganisatie>Universiteit Leiden</naamOrganisatie>
                <bezoldigd>true</bezoldigd>
            </nevenfunctie>
            <isLidVanFractie>
                <voorzitter>true</voorzitter>
                <verwijzingFractie>
                    <verwijzingID>PS-gm0546</verwijzingID>
                </verwijzingFractie>
            </isLidVanFractie>
        </isNatuurlijkPersoon>
        <neemtDeelAanStemming>
            <keuzeStemming>Voor</keuzeStemming>
            <gegevenOpStemming>
                <verwijzingID>RV 23.0081</verwijzingID>
            </gegevenOpStemming>
        </neemtDeelAanStemming>
        <spreektTijdensSpreekfragment>
            <videoTijdsaanduidingAanvang>00:28:14</videoTijdsaanduidingAanvang>
            <spreektTijdensAgendapunt>
                <verwijzingID>202282aa200aa08200a2821eb50cf</verwijzingID>
            </spreektTijdensAgendapunt>
        </spreektTijdensSpreekfragment>
    </aanwezigeDeelnemer>
    <aanwezigeDeelnemer>
        <rolnaam>
            <begripLabel>Raadslid</begripLabel>
            <verwijzingBegrippenlijst>
                <verwijzingID>https://ori-a.nl/begrippenlijsten#deelnemerrollen</verwijzingID>
            </verwijzingBegrippenlijst>
        </rolnaam>
        <isNatuurlijkPersoon>
            <ID>Persoon-2</ID>
            <geslachtsaanduiding>Man</geslachtsaanduiding>
            <functie>
                <begripLabel>Raadslid</begripLabel>
                <verwijzingBegrippenlijst>
                    <verwijzingID>https://ori-a.nl/begrippenlijsten#functies</verwijzingID>
                </verwijzingBegrippenlijst>
            </functie>
            <naam>
                <achternaam>Rowaan</achternaam>
                <volledigeNaam>Rembrandt Rowaan</volledigeNaam>
            </naam>
            <nevenfunctie>
                <omschrijving>Projectmanager Sociale Zaken en Werkgelegenheid</omschrijving>
                <naamOrganisatie>Gemeente Den Haag</naamOrganisatie>
                <bezoldigd>true</bezoldigd>
            </nevenfunctie>
            <isLidVanFractie>
                <voorzitter>true</voorzitter>
                <verwijzingFractie>
                    <verwijzingID>GL-gm0546</verwijzingID>
                </verwijzingFractie>
            </isLidVanFractie>
        </isNatuurlijkPersoon>
        <neemtDeelAanStemming>
            <keuzeStemming>Voor</keuzeStemming>
            <gegevenOpStemming>
                <verwijzingID>RV 23.0081</verwijzingID>
            </gegevenOpStemming>
        </neemtDeelAanStemming>
    </aanwezigeDeelnemer>
    <aanwezigeDeelnemer>
        <rolnaam>
            <begripLabel>Raadslid</begripLabel>
            <verwijzingBegrippenlijst>
                <verwijzingID>https://ori-a.nl/begrippenlijsten#deelnemerrollen</verwijzingID>
            </verwijzingBegrippenlijst>
        </rolnaam>
        <isNatuurlijkPersoon>
            <ID>Persoon-3</ID>
            <geslachtsaanduiding>Man</geslachtsaanduiding>
            <functie>
                <begripLabel>Raadslid</begripLabel>
                <verwijzingBegrippenlijst>
                    <verwijzingID>https://ori-a.nl/begrippenlijsten#functies</verwijzingID>
                </verwijzingBegrippenlijst>
            </functie>
            <naam>
                <achternaam>Crom</achternaam>
                <tussenvoegsel>de</tussenvoegsel>
                <volledigeNaam>Maarten de Crom</volledigeNaam>
            </naam>
            <isLidVanFractie>
                <voorzitter>true</voorzitter>
                <verwijzingFractie>
                    <verwijzingID>VVD-gm0546</verwijzingID>
                </verwijzingFractie>
            </isLidVanFractie>
        </isNatuurlijkPersoon>
        <neemtDeelAanStemming>
            <keuzeStemming>Voor</keuzeStemming>
            <gegevenOpStemming>
                <verwijzingID>RV 23.0081</verwijzingID>
            </gegevenOpStemming>
        </neemtDeelAanStemming>
    </aanwezigeDeelnemer>
    <aanwezigeDeelnemer>
        <rolnaam>
            <begripLabel>Raadslid</begripLabel>
            <verwijzingBegrippenlijst>
                <verwijzingID>https://ori-a.nl/begrippenlijsten#deelnemerrollen</verwijzingID>
            </verwijzingBegrippenlijst>
        </rolnaam>
        <isNatuurlijkPersoon>
            <ID>Persoon-5</ID>
            <geslachtsaanduiding>Vrouw</geslachtsaanduiding>
            <functie>
                <begripLabel>Raadslid</begripLabel>
                <verwijzingBegrippenlijst>
                    <verwijzingID>https://ori-a.nl/begrippenlijsten#functies</verwijzingID>
                </verwijzingBegrippenlijst>
            </functie>
            <naam>
                <achternaam>Groot</achternaam>
                <tussenvoegsel>de</tussenvoegsel>
                <volledigeNaam>Julia de Groot</volledigeNaam>
            </naam>
            <isLidVanFractie>
                <voorzitter>false</voorzitter>
                <verwijzingFractie>
                    <verwijzingID>D66-gm0546</verwijzingID>
                </verwijzingFractie>
            </isLidVanFractie>
        </isNatuurlijkPersoon>
        <neemtDeelAanStemming>
            <keuzeStemming>Voor</keuzeStemming>
            <gegevenOpStemming>
                <verwijzingID>RV 23.0081</verwijzingID>
            </gegevenOpStemming>
        </neemtDeelAanStemming>
    </aanwezigeDeelnemer>
    <aanwezigeDeelnemer>
        <rolnaam>
            <begripLabel>Raadslid</begripLabel>
            <verwijzingBegrippenlijst>
                <verwijzingID>https://ori-a.nl/begrippenlijsten#deelnemerrollen</verwijzingID>
            </verwijzingBegrippenlijst>
        </rolnaam>
        <isNatuurlijkPersoon>
            <ID>Persoon-6</ID>
            <geslachtsaanduiding>Man</geslachtsaanduiding>
            <functie>
                <begripLabel>Raadslid</begripLabel>
                <verwijzingBegrippenlijst>
                    <verwijzingID>https://ori-a.nl/begrippenlijsten#functies</verwijzingID>
                </verwijzingBegrippenlijst>
            </functie>
            <naam>
                <achternaam>Theeuwen</achternaam>
                <volledigeNaam>Antoine Theeuwen</volledigeNaam>
            </naam>
            <isLidVanFractie>
                <voorzitter>true</voorzitter>
                <verwijzingFractie>
                    <verwijzingID>SP-gm0546</verwijzingID>
                </verwijzingFractie>
            </isLidVanFractie>
        </isNatuurlijkPersoon>
        <neemtDeelAanStemming>
            <keuzeStemming>Voor</keuzeStemming>
            <gegevenOpStemming>
                <verwijzingID>RV 23.0081</verwijzingID>
            </gegevenOpStemming>
        </neemtDeelAanStemming>
    </aanwezigeDeelnemer>
    <aanwezigeDeelnemer>
        <rolnaam>
            <begripLabel>Raadslid</begripLabel>
            <verwijzingBegrippenlijst>
                <verwijzingID>https://ori-a.nl/begrippenlijsten#deelnemerrollen</verwijzingID>
            </verwijzingBegrippenlijst>
        </rolnaam>
        <isNatuurlijkPersoon>
            <ID>Persoon-7</ID>
            <geslachtsaanduiding>Man</geslachtsaanduiding>
            <functie>
                <begripLabel>Raadslid</begripLabel>
                <verwijzingBegrippenlijst>
                    <verwijzingID>https://ori-a.nl/begrippenlijsten#functies</verwijzingID>
                </verwijzingBegrippenlijst>
            </functie>
            <naam>
                <achternaam>Spronsen</achternaam>
                <tussenvoegsel>van</tussenvoegsel>
                <volledigeNaam>Ivo van Spronsen</volledigeNaam>
            </naam>
            <nevenfunctie>
                <omschrijving>Voorzitter RozeLinks</omschrijving>
                <bezoldigd>false</bezoldigd>
            </nevenfunctie>
            <isLidVanFractie>
                <voorzitter>false</voorzitter>
                <verwijzingFractie>
                    <verwijzingID>GL-gm0546</verwijzingID>
                </verwijzingFractie>
            </isLidVanFractie>
        </isNatuurlijkPersoon>
        <neemtDeelAanStemming>
            <keuzeStemming>Voor</keuzeStemming>
            <gegevenOpStemming>
                <verwijzingID>RV 23.0081</verwijzingID>
            </gegevenOpStemming>
        </neemtDeelAanStemming>
        <spreektTijdensSpreekfragment>
            <videoTijdsaanduidingAanvang>00:00:56</videoTijdsaanduidingAanvang>
            <spreektTijdensAgendapunt>
                <verwijzingID>2028a00aaa2a8aaa00a2aab6bdaef</verwijzingID>
            </spreektTijdensAgendapunt>
        </spreektTijdensSpreekfragment>
        <spreektTijdensSpreekfragment>
            <videoTijdsaanduidingAanvang>00:02:54</videoTijdsaanduidingAanvang>
            <spreektTijdensAgendapunt>
                <verwijzingID>2028a00aaa2a8aaa00a2aab6bdaef</verwijzingID>
            </spreektTijdensAgendapunt>
        </spreektTijdensSpreekfragment>
        <spreektTijdensSpreekfragment>
            <videoTijdsaanduidingAanvang>00:05:17</videoTijdsaanduidingAanvang>
            <spreektTijdensAgendapunt>
                <verwijzingID>2028a00aaa2a8aaa00a2aab6bdaef</verwijzingID>
            </spreektTijdensAgendapunt>
        </spreektTijdensSpreekfragment>
        <spreektTijdensSpreekfragment>
            <videoTijdsaanduidingAanvang>00:12:19</videoTijdsaanduidingAanvang>
            <spreektTijdensAgendapunt>
                <verwijzingID>2028a00aaa2a8aaa00a2aab6bdaef</verwijzingID>
            </spreektTijdensAgendapunt>
        </spreektTijdensSpreekfragment>
        <spreektTijdensSpreekfragment>
            <videoTijdsaanduidingAanvang>00:13:29</videoTijdsaanduidingAanvang>
            <spreektTijdensAgendapunt>
                <verwijzingID>2028a00aaa2a8aaa00a2aab6bdaef</verwijzingID>
            </spreektTijdensAgendapunt>
        </spreektTijdensSpreekfragment>
        <spreektTijdensSpreekfragment>
            <videoTijdsaanduidingAanvang>00:15:02</videoTijdsaanduidingAanvang>
            <spreektTijdensAgendapunt>
                <verwijzingID>2028a00aaa2a8aaa00a2aab6bdaef</verwijzingID>
            </spreektTijdensAgendapunt>
        </spreektTijdensSpreekfragment>
        <spreektTijdensSpreekfragment>
            <videoTijdsaanduidingAanvang>00:19:07</videoTijdsaanduidingAanvang>
            <spreektTijdensAgendapunt>
                <verwijzingID>2028a00aaa2a8aaa00a2aab6bdaef</verwijzingID>
            </spreektTijdensAgendapunt>
        </spreektTijdensSpreekfragment>
        <spreektTijdensSpreekfragment>
            <videoTijdsaanduidingAanvang>00:19:21</videoTijdsaanduidingAanvang>
            <spreektTijdensAgendapunt>
                <verwijzingID>2028a00aaa2a8aaa00a2aab6bdaef</verwijzingID>
            </spreektTijdensAgendapunt>
        </spreektTijdensSpreekfragment>
        <spreektTijdensSpreekfragment>
            <videoTijdsaanduidingAanvang>00:21:25</videoTijdsaanduidingAanvang>
            <spreektTijdensAgendapunt>
                <verwijzingID>2028a00aaa2a8aaa00a2aab6bdaef</verwijzingID>
            </spreektTijdensAgendapunt>
        </spreektTijdensSpreekfragment>
        <spreektTijdensSpreekfragment>
            <videoTijdsaanduidingAanvang>00:24:33</videoTijdsaanduidingAanvang>
            <spreektTijdensAgendapunt>
                <verwijzingID>2028a00aaa2a8aaa00a2aab6bdaef</verwijzingID>
            </spreektTijdensAgendapunt>
        </spreektTijdensSpreekfragment>
        <spreektTijdensSpreekfragment>
            <videoTijdsaanduidingAanvang>00:27:03</videoTijdsaanduidingAanvang>
            <spreektTijdensAgendapunt>
                <verwijzingID>202282aa200aa08200a2821eb50cf</verwijzingID>
            </spreektTijdensAgendapunt>
        </spreektTijdensSpreekfragment>
    </aanwezigeDeelnemer>
    <aanwezigeDeelnemer>
        <rolnaam>
            <begripLabel>Raadslid</begripLabel>
            <verwijzingBegrippenlijst>
                <verwijzingID>https://ori-a.nl/begrippenlijsten#deelnemerrollen</verwijzingID>
            </verwijzingBegrippenlijst>
        </rolnaam>
        <isNatuurlijkPersoon>
            <ID>Persoon-8</ID>
            <geslachtsaanduiding>Vrouw</geslachtsaanduiding>
            <functie>
                <begripLabel>Raadslid</begripLabel>
                <verwijzingBegrippenlijst>
                    <verwijzingID>https://ori-a.nl/begrippenlijsten#functies</verwijzingID>
                </verwijzingBegrippenlijst>
            </functie>
            <naam>
                <achternaam>Jordan</achternaam>
                <volledigeNaam>Antje Jordan</volledigeNaam>
            </naam>
            <nevenfunctie>
                <omschrijving>Transitiemanager</omschrijving>
                <naamOrganisatie>Provincie Zuid-Holland</naamOrganisatie>
                <bezoldigd>true</bezoldigd>
            </nevenfunctie>
            <isLidVanFractie>
                <voorzitter>false</voorzitter>
                <verwijzingFractie>
                    <verwijzingID>D66-gm0546</verwijzingID>
                </verwijzingFractie>
            </isLidVanFractie>
        </isNatuurlijkPersoon>
        <neemtDeelAanStemming>
            <keuzeStemming>Tegen</keuzeStemming>
            <gegevenOpStemming>
                <verwijzingID>RV 23.0081</verwijzingID>
            </gegevenOpStemming>
        </neemtDeelAanStemming>
        <spreektTijdensSpreekfragment>
            <videoTijdsaanduidingAanvang>00:23:17</videoTijdsaanduidingAanvang>
            <spreektTijdensAgendapunt>
                <verwijzingID>2028a00aaa2a8aaa00a2aab6bdaef</verwijzingID>
            </spreektTijdensAgendapunt>
        </spreektTijdensSpreekfragment>
    </aanwezigeDeelnemer>
    <aanwezigeDeelnemer>
        <rolnaam>
            <begripLabel>Raadslid</begripLabel>
            <verwijzingBegrippenlijst>
                <verwijzingID>https://ori-a.nl/begrippenlijsten#deelnemerrollen</verwijzingID>
            </verwijzingBegrippenlijst>
        </rolnaam>
        <isNatuurlijkPersoon>
            <ID>Persoon-9</ID>
            <geslachtsaanduiding>Man</geslachtsaanduiding>
            <functie>
                <begripLabel>Raadslid</begripLabel>
                <verwijzingBegrippenlijst>
                    <verwijzingID>https://ori-a.nl/begrippenlijsten#functies</verwijzingID>
                </verwijzingBegrippenlijst>
            </functie>
            <naam>
                <achternaam>Otten</achternaam>
                <volledigeNaam>Martijn Otten</volledigeNaam>
            </naam>
            <isLidVanFractie>
                <voorzitter>false</voorzitter>
                <verwijzingFractie>
                    <verwijzingID>PvdA-gm0546</verwijzingID>
                </verwijzingFractie>
            </isLidVanFractie>
        </isNatuurlijkPersoon>
        <neemtDeelAanStemming>
            <keuzeStemming>Voor</keuzeStemming>
            <gegevenOpStemming>
                <verwijzingID>RV 23.0081</verwijzingID>
            </gegevenOpStemming>
        </neemtDeelAanStemming>
        <spreektTijdensSpreekfragment>
            <videoTijdsaanduidingAanvang>00:05:11</videoTijdsaanduidingAanvang>
            <spreektTijdensAgendapunt>
                <verwijzingID>2028a00aaa2a8aaa00a2aab6bdaef</verwijzingID>
            </spreektTijdensAgendapunt>
        </spreektTijdensSpreekfragment>
        <spreektTijdensSpreekfragment>
            <videoTijdsaanduidingAanvang>00:17:49</videoTijdsaanduidingAanvang>
            <spreektTijdensAgendapunt>
                <verwijzingID>2028a00aaa2a8aaa00a2aab6bdaef</verwijzingID>
            </spreektTijdensAgendapunt>
        </spreektTijdensSpreekfragment>
    </aanwezigeDeelnemer>
    <aanwezigeDeelnemer>
        <rolnaam>
            <begripLabel>Raadslid</begripLabel>
            <verwijzingBegrippenlijst>
                <verwijzingID>https://ori-a.nl/begrippenlijsten#deelnemerrollen</verwijzingID>
            </verwijzingBegrippenlijst>
        </rolnaam>
        <isNatuurlijkPersoon>
            <ID>Persoon-10</ID>
            <geslachtsaanduiding>Man</geslachtsaanduiding>
            <functie>
                <begripLabel>Raadslid</begripLabel>
                <verwijzingBegrippenlijst>
                    <verwijzingID>https://ori-a.nl/begrippenlijsten#functies</verwijzingID>
                </verwijzingBegrippenlijst>
            </functie>
            <naam>
                <achternaam>Sandoval Garcia</achternaam>
                <volledigeNaam>Tobias Sandoval Garcia</volledigeNaam>
            </naam>
            <isLidVanFractie>
                <voorzitter>false</voorzitter>
                <verwijzingFractie>
                    <verwijzingID>CDA-gm0546</verwijzingID>
                </verwijzingFractie>
            </isLidVanFractie>
        </isNatuurlijkPersoon>
        <neemtDeelAanStemming>
            <keuzeStemming>Voor</keuzeStemming>
            <gegevenOpStemming>
                <verwijzingID>RV 23.0081</verwijzingID>
            </gegevenOpStemming>
        </neemtDeelAanStemming>
        <spreektTijdensSpreekfragment>
            <videoTijdsaanduidingAanvang>00:06:11</videoTijdsaanduidingAanvang>
            <spreektTijdensAgendapunt>
                <verwijzingID>2028a00aaa2a8aaa00a2aab6bdaef</verwijzingID>
            </spreektTijdensAgendapunt>
        </spreektTijdensSpreekfragment>
    </aanwezigeDeelnemer>
    <aanwezigeDeelnemer>
        <rolnaam>
            <begripLabel>Portefeuillehouder</begripLabel>
            <verwijzingBegrippenlijst>
                <verwijzingID>https://ori-a.nl/begrippenlijsten#deelnemerrollen</verwijzingID>
            </verwijzingBegrippenlijst>
        </rolnaam>
        <isNatuurlijkPersoon>
            <ID>Persoon-11</ID>
            <geslachtsaanduiding>Man</geslachtsaanduiding>
            <functie>
                <begripLabel>Wethouder</begripLabel>
                <verwijzingBegrippenlijst>
                    <verwijzingID>https://ori-a.nl/begrippenlijsten#functies</verwijzingID>
                </verwijzingBegrippenlijst>
            </functie>
            <naam>
                <achternaam>Terpstra</achternaam>
                <volledigeNaam>Julius Terpstra</volledigeNaam>
            </naam>
            <isLidVanDagelijksBestuur>
                <verwijzingDagelijksBestuur>
                    <verwijzingID>College van B&amp;W-gm0546</verwijzingID>
                </verwijzingDagelijksBestuur>
            </isLidVanDagelijksBestuur>
        </isNatuurlijkPersoon>
    </aanwezigeDeelnemer>
    <aanwezigeDeelnemer>
        <rolnaam>
            <begripLabel>Raadslid</begripLabel>
            <verwijzingBegrippenlijst>
                <verwijzingID>https://ori-a.nl/begrippenlijsten#deelnemerrollen</verwijzingID>
            </verwijzingBegrippenlijst>
        </rolnaam>
        <isNatuurlijkPersoon>
            <ID>Persoon-12</ID>
            <geslachtsaanduiding>Man</geslachtsaanduiding>
            <functie>
                <begripLabel>Raadslid</begripLabel>
                <verwijzingBegrippenlijst>
                    <verwijzingID>https://ori-a.nl/begrippenlijsten#functies</verwijzingID>
                </verwijzingBegrippenlijst>
            </functie>
            <naam>
                <achternaam>Friso</achternaam>
                <volledigeNaam>Alex Friso</volledigeNaam>
            </naam>
            <isLidVanFractie>
                <voorzitter>false</voorzitter>
                <verwijzingFractie>
                    <verwijzingID>GL-gm0546</verwijzingID>
                </verwijzingFractie>
            </isLidVanFractie>
        </isNatuurlijkPersoon>
        <neemtDeelAanStemming>
            <keuzeStemming>Voor</keuzeStemming>
            <gegevenOpStemming>
                <verwijzingID>RV 23.0081</verwijzingID>
            </gegevenOpStemming>
        </neemtDeelAanStemming>
        <spreektTijdensSpreekfragment>
            <videoTijdsaanduidingAanvang>00:24:11</videoTijdsaanduidingAanvang>
            <spreektTijdensAgendapunt>
                <verwijzingID>2028a00aaa2a8aaa00a2aab6bdaef</verwijzingID>
            </spreektTijdensAgendapunt>
        </spreektTijdensSpreekfragment>
    </aanwezigeDeelnemer>
</ORI-A>
