<?xml version='1.0' encoding='utf-8'?>
<ORI-A xmlns="https://ori-a.nl" xmlns:xsi="http://www.w3.org/2001/XMLSchema-instance" xsi:schemaLocation="https://ori-a.nl https://github.com/Regionaal-Archief-Rivierenland/ORI-A-XSD/releases/download/v0.0.15/ORI-A.xsd">
    <vergadering>
        <ID>20a280a8a8a88220008208822f6b6b02</ID>
        <naam>Gemeenteraad</naam>
        <datum>2023-11-30</datum>
        <aanvang>2023-11-30T20:00:00</aanvang>
        <einde>2023-11-30T23:00:00</einde>
        <publicatiedatum>2023-12-15T14:12:15</publicatiedatum>
        <type>
            <begripLabel>Raadsvergadering</begripLabel>
            <verwijzingBegrippenlijst>
                <verwijzingID>https://ori-a.nl/begrippenlijsten#vergaderingstypes</verwijzingID>
            </verwijzingBegrippenlijst>
        </type>
        <locatie>Raadzaal Stadhuis</locatie>
        <weblocatie>https://leiden.parlaeus.nl/app/public/agenda/8028228820022a0a0282a0a8814c778c/vod</weblocatie>
        <status>Gehouden</status>
        <overheidsorgaan>
            <begripLabel>Gemeente Leiden</begripLabel>
            <begripCode>gm0546</begripCode>
            <verwijzingBegrippenlijst>
                <verwijzingID>https://identifier.overheid.nl/tooi/set/rwc_gemeenten_compleet/4</verwijzingID>
                <verwijzingNaam>Register gemeenten compleet</verwijzingNaam>
            </verwijzingBegrippenlijst>
        </overheidsorgaan>
        <isVastgelegdMiddels>
            <informatieobjectType>
                <begripLabel>Video</begripLabel>
                <verwijzingBegrippenlijst>
                    <verwijzingID>https://ori-a.nl/begrippenlijsten#mediabron-types</verwijzingID>
                </verwijzingBegrippenlijst>
            </informatieobjectType>
            <verwijzingInformatieobject>
                <verwijzingID>8088a20808a0280002a000280b25219e</verwijzingID>
                <verwijzingNaam>Videotuul Gemeenteraad 30 november 2023</verwijzingNaam>
            </verwijzingInformatieobject>
        </isVastgelegdMiddels>
        <isVastgelegdMiddels>
            <informatieobjectType>
                <begripLabel>Transcriptie</begripLabel>
                <verwijzingBegrippenlijst>
                    <verwijzingID>https://ori-a.nl/begrippenlijsten#mediabron-types</verwijzingID>
                </verwijzingBegrippenlijst>
            </informatieobjectType>
            <verwijzingInformatieobject>
                <verwijzingID>a2a228082a200a88002a22f019b92</verwijzingID>
                <verwijzingNaam>23-11-30 Transcript Raadsvergadering Leiden</verwijzingNaam>
            </verwijzingInformatieobject>
        </isVastgelegdMiddels>
    </vergadering>

    <!-- Agendapunten -->
    <agendapunt>
        <ID>2028a00aaa2a8aaa00a2aab6bdaef</ID>
        <naam>RV 23.0081 Delegatiebesluit Omgevingsplan Leiden 2023</naam>
        <volgnummer>22</volgnummer>
        <starttijd>2023-11-30T20:22:26</starttijd>
        <tijdsaanduidingMediabron>
            <aanvang>00:00:00</aanvang>
            <isRelatiefTot>
                <informatieobjectType>
                    <begripLabel>Video</begripLabel>
                    <verwijzingBegrippenlijst>
                        <verwijzingID>https://ori-a.nl/begrippenlijsten#mediabron-types</verwijzingID>
                    </verwijzingBegrippenlijst>
                </informatieobjectType>
                <verwijzingInformatieobject>
                    <verwijzingID>8088a20808a0280002a000280b25219e</verwijzingID>
                </verwijzingInformatieobject>
            </isRelatiefTot>
        </tijdsaanduidingMediabron>
        <indicatieHamerstuk>false</indicatieHamerstuk>
        <indicatieBehandeld>true</indicatieBehandeld>
        <indicatieBesloten>false</indicatieBesloten>
        <heeftAlsBijlage>
            <informatieobjectType>
                <begripLabel>Voorstel</begripLabel>
                <verwijzingBegrippenlijst>
                    <verwijzingID>https://ori-a.nl/begrippenlijsten#vergaderstuk-types</verwijzingID>
                </verwijzingBegrippenlijst>
            </informatieobjectType>
            <verwijzingInformatieobject>
                <verwijzingID>0222a20280888a00002a00f22242c</verwijzingID>
                <verwijzingNaam>RV 23.0081 Delegatiebesluit Omgevingsplan Leiden 2023</verwijzingNaam>
            </verwijzingInformatieobject>
        </heeftAlsBijlage>
        <heeftAlsBijlage>
            <informatieobjectType>
                <begripLabel>Amendement</begripLabel>
                <verwijzingBegrippenlijst>
                    <verwijzingID>https://ori-a.nl/begrippenlijsten#vergaderstuk-types</verwijzingID>
                </verwijzingBegrippenlijst>
            </informatieobjectType>
            <verwijzingInformatieobject>
                <verwijzingID>a8882a2a0a002a82002a82f804b4a</verwijzingID>
                <verwijzingNaam>A.23.0081.02 INGETROKKEN GL Schrappen delegatie karakteristieke panden</verwijzingNaam>
            </verwijzingInformatieobject>
        </heeftAlsBijlage>
    </agendapunt>
    <agendapunt>
        <ID>202282aa200aa08200a2821eb50cf</ID>
        <naam>RV 23.0082 Aanscherping adviesrecht onder de Omgevingswet</naam>
        <volgnummer>23</volgnummer>
        <starttijd>2023-11-30T20:59:40</starttijd>
        <tijdsaanduidingMediabron>
            <aanvang>00:26:23</aanvang>
            <isRelatiefTot>
                <informatieobjectType>
                    <begripLabel>Video</begripLabel>
                    <verwijzingBegrippenlijst>
                        <verwijzingID>https://ori-a.nl/begrippenlijsten#mediabron-types</verwijzingID>
                    </verwijzingBegrippenlijst>
                </informatieobjectType>
                <verwijzingInformatieobject>
                    <verwijzingID>8088a20808a0280002a000280b25219e</verwijzingID>
                </verwijzingInformatieobject>
            </isRelatiefTot>
        </tijdsaanduidingMediabron>
        <indicatieHamerstuk>false</indicatieHamerstuk>
        <indicatieBehandeld>true</indicatieBehandeld>
        <indicatieBesloten>false</indicatieBesloten>
        <heeftBehandelendAmbtenaar>
            <verwijzingID>Persoon-11</verwijzingID>
            <verwijzingNaam>Julius Terpstra</verwijzingNaam>
        </heeftBehandelendAmbtenaar>
    </agendapunt>

    <!-- Stemmingen -->
    <stemming>
        <ID>RV 23.0081</ID>
        <type>Regulier</type>
        <leidtTotBesluit>
            <verwijzingID>besluit-4128</verwijzingID>
        </leidtTotBesluit>
        <heeftBetrekkingOpAgendapunt>
            <verwijzingID>2028a00aaa2a8aaa00a2aab6bdaef</verwijzingID>
            <verwijzingNaam>RV 23.0081 Delegatiebesluit Omgevingsplan Leiden 2023</verwijzingNaam>
        </heeftBetrekkingOpAgendapunt>
        <heeftBetrekkingOpBesluitvormingsstuk>
            <informatieobjectType>
                <begripLabel>Voorstel</begripLabel>
                <verwijzingBegrippenlijst>
                    <verwijzingID>https://ori-a.nl/begrippenlijsten#vergaderstuk-types</verwijzingID>
                </verwijzingBegrippenlijst>
            </informatieobjectType>
            <verwijzingInformatieobject>
                <verwijzingID>0222a20280888a00002a00f22242c</verwijzingID>
                <verwijzingNaam>RV 23.0081 Delegatiebesluit Omgevingsplan Leiden 2023</verwijzingNaam>
            </verwijzingInformatieobject>
        </heeftBetrekkingOpBesluitvormingsstuk>
    </stemming>

    <!-- Besluiten -->
    <besluit>
        <ID>besluit-4128</ID>
        <resultaat>Aangenomen</resultaat>
        <toezegging>De wethouder belooft een preciezere schatting van de verwachte CO² uitstoot.</toezegging>
    </besluit>

    <!-- Fracties -->
    <fractie>
        <ID>D66-gm0546</ID>
        <naam>D66</naam>
        <neemtDeelAanStemming>
            <fractieStemresultaat>Verdeeld</fractieStemresultaat>
            <verwijzingStemming>
                <verwijzingID>RV 23.0081</verwijzingID>
            </verwijzingStemming>
        </neemtDeelAanStemming>
    </fractie>
    <fractie>
        <ID>GL-gm0546</ID>
        <naam>GL</naam>
        <neemtDeelAanStemming>
            <fractieStemresultaat>Aangenomen</fractieStemresultaat>
            <verwijzingStemming>
                <verwijzingID>RV 23.0081</verwijzingID>
            </verwijzingStemming>
        </neemtDeelAanStemming>
    </fractie>
    <fractie>
        <ID>VVD-gm0546</ID>
        <naam>VVD</naam>
        <neemtDeelAanStemming>
            <fractieStemresultaat>Verworpen</fractieStemresultaat>
            <verwijzingStemming>
                <verwijzingID>RV 23.0081</verwijzingID>
            </verwijzingStemming>
        </neemtDeelAanStemming>
    </fractie>
    <fractie>
        <ID>PvdA-gm0546</ID>
        <naam>PvdA</naam>
        <neemtDeelAanStemming>
            <fractieStemresultaat>Aangenomen</fractieStemresultaat>
            <verwijzingStemming>
                <verwijzingID>RV 23.0081</verwijzingID>
            </verwijzingStemming>
        </neemtDeelAanStemming>
    </fractie>
    <fractie>
        <ID>SP-gm0546</ID>
        <naam>SP</naam>
        <neemtDeelAanStemming>
            <fractieStemresultaat>Aangenomen</fractieStemresultaat>
            <verwijzingStemming>
                <verwijzingID>RV 23.0081</verwijzingID>
            </verwijzingStemming>
        </neemtDeelAanStemming>
    </fractie>
    <fractie>
        <ID>PS-gm0546</ID>
        <naam>PS</naam>
        <neemtDeelAanStemming>
            <fractieStemresultaat>Aangenomen</fractieStemresultaat>
            <verwijzingStemming>
                <verwijzingID>RV 23.0081</verwijzingID>
            </verwijzingStemming>
        </neemtDeelAanStemming>
    </fractie>
    <fractie>
        <ID>CDA-gm0546</ID>
        <naam>CDA</naam>
        <neemtDeelAanStemming>
            <fractieStemresultaat>Aangenomen</fractieStemresultaat>
            <verwijzingStemming>
                <verwijzingID>RV 23.0081</verwijzingID>
            </verwijzingStemming>
        </neemtDeelAanStemming>
    </fractie>

    <!-- Dagelijks bestuur -->
    <dagelijksBestuur>
        <ID>College van B&amp;W-gm0546</ID>
        <naam>College van B&amp;W</naam>
        <overheidsorgaan>
            <begripLabel>Gemeente Leiden</begripLabel>
            <begripCode>gm0546</begripCode>
            <verwijzingBegrippenlijst>
                <verwijzingID>https://identifier.overheid.nl/tooi/set/rwc_gemeenten_compleet/4</verwijzingID>
                <verwijzingNaam>TOOI Register gemeenten compleet</verwijzingNaam>
            </verwijzingBegrippenlijst>
        </overheidsorgaan>
        <type>
            <begripLabel>College</begripLabel>
            <verwijzingBegrippenlijst>
                <verwijzingID>https://ori-a.nl/begrippenlijsten#dagelijks-bestuur-types</verwijzingID>
                <verwijzingNaam>ORI-A dagelijks bestuur types</verwijzingNaam>
            </verwijzingBegrippenlijst>
        </type>
    </dagelijksBestuur>

    <!-- Afwezig raadslid  -->
    <persoonBuitenVergadering>
        <ID>Persoon-13</ID>
        <naam>
            <achternaam>Vliet</achternaam>
            <tussenvoegsel>van</tussenvoegsel>
            <volledigeNaam>Maaike van Vliet</volledigeNaam>
        </naam>
        <isLidVanFractie>
            <indicatieVoorzitter>false</indicatieVoorzitter>
            <verwijzingFractie>
                <verwijzingID>VVD-gm0546</verwijzingID>
            </verwijzingFractie>
        </isLidVanFractie>
    </persoonBuitenVergadering>

    <!-- Deelnemers -->
    <aanwezigeDeelnemer>
        <rolnaam>
            <begripLabel>Voorzitter</begripLabel>
            <verwijzingBegrippenlijst>
                <verwijzingID>https://ori-a.nl/begrippenlijsten#deelnemerrollen</verwijzingID>
            </verwijzingBegrippenlijst>
        </rolnaam>
        <isNatuurlijkPersoon>
            <ID>Persoon-0</ID>
            <naam>
                <achternaam>Velden</achternaam>
                <tussenvoegsel>van der</tussenvoegsel>
                <volledigeNaam>Peter van der Velden</volledigeNaam>
            </naam>
            <functie>
                <begripLabel>Burgemeester</begripLabel>
                <verwijzingBegrippenlijst>
                    <verwijzingID>https://ori-a.nl/begrippenlijsten#functies</verwijzingID>
                </verwijzingBegrippenlijst>
            </functie>
            <isLidVanDagelijksBestuur>
                <datumBeginDagelijksBestuurLidmaatschap>2023-09-01</datumBeginDagelijksBestuurLidmaatschap>
                <verwijzingDagelijksBestuur>
                    <verwijzingID>College van B&amp;W-gm0546</verwijzingID>
                </verwijzingDagelijksBestuur>
            </isLidVanDagelijksBestuur>
        </isNatuurlijkPersoon>
        <!-- todo: provide one complete spreekfragment -->
        <spreektTijdensSpreekfragment>
            <tijdsaanduidingMediabron>
                <aanvang>00:00:00</aanvang>
            </tijdsaanduidingMediabron>
            <spreektTijdensAgendapunt>
                <verwijzingID>2028a00aaa2a8aaa00a2aab6bdaef</verwijzingID>
            </spreektTijdensAgendapunt>
        </spreektTijdensSpreekfragment>
        <spreektTijdensSpreekfragment>
            <tijdsaanduidingMediabron>
                <aanvang>00:02:20</aanvang>
            </tijdsaanduidingMediabron>
            <spreektTijdensAgendapunt>
                <verwijzingID>2028a00aaa2a8aaa00a2aab6bdaef</verwijzingID>
            </spreektTijdensAgendapunt>
        </spreektTijdensSpreekfragment>
        <spreektTijdensSpreekfragment>
            <tijdsaanduidingMediabron>
                <aanvang>00:02:33</aanvang>
            </tijdsaanduidingMediabron>
            <spreektTijdensAgendapunt>
                <verwijzingID>2028a00aaa2a8aaa00a2aab6bdaef</verwijzingID>
            </spreektTijdensAgendapunt>
        </spreektTijdensSpreekfragment>
        <spreektTijdensSpreekfragment>
            <tijdsaanduidingMediabron>
                <aanvang>00:05:10</aanvang>
            </tijdsaanduidingMediabron>
            <spreektTijdensAgendapunt>
                <verwijzingID>2028a00aaa2a8aaa00a2aab6bdaef</verwijzingID>
            </spreektTijdensAgendapunt>
        </spreektTijdensSpreekfragment>
        <spreektTijdensSpreekfragment>
            <tijdsaanduidingMediabron>
                <aanvang>00:05:29</aanvang>
            </tijdsaanduidingMediabron>
            <spreektTijdensAgendapunt>
                <verwijzingID>2028a00aaa2a8aaa00a2aab6bdaef</verwijzingID>
            </spreektTijdensAgendapunt>
        </spreektTijdensSpreekfragment>
        <spreektTijdensSpreekfragment>
            <tijdsaanduidingMediabron>
                <aanvang>00:05:46</aanvang>
            </tijdsaanduidingMediabron>
            <spreektTijdensAgendapunt>
                <verwijzingID>2028a00aaa2a8aaa00a2aab6bdaef</verwijzingID>
            </spreektTijdensAgendapunt>
        </spreektTijdensSpreekfragment>
        <spreektTijdensSpreekfragment>
            <tijdsaanduidingMediabron>
                <aanvang>00:06:40</aanvang>
            </tijdsaanduidingMediabron>
            <spreektTijdensAgendapunt>
                <verwijzingID>2028a00aaa2a8aaa00a2aab6bdaef</verwijzingID>
            </spreektTijdensAgendapunt>
        </spreektTijdensSpreekfragment>
        <spreektTijdensSpreekfragment>
            <tijdsaanduidingMediabron>
                <aanvang>00:12:17</aanvang>
            </tijdsaanduidingMediabron>
            <spreektTijdensAgendapunt>
                <verwijzingID>2028a00aaa2a8aaa00a2aab6bdaef</verwijzingID>
            </spreektTijdensAgendapunt>
        </spreektTijdensSpreekfragment>
        <spreektTijdensSpreekfragment>
            <tijdsaanduidingMediabron>
                <aanvang>00:12:32</aanvang>
            </tijdsaanduidingMediabron>
            <spreektTijdensAgendapunt>
                <verwijzingID>2028a00aaa2a8aaa00a2aab6bdaef</verwijzingID>
            </spreektTijdensAgendapunt>
        </spreektTijdensSpreekfragment>
        <spreektTijdensSpreekfragment>
            <tijdsaanduidingMediabron>
                <aanvang>00:13:28</aanvang>
            </tijdsaanduidingMediabron>
            <spreektTijdensAgendapunt>
                <verwijzingID>2028a00aaa2a8aaa00a2aab6bdaef</verwijzingID>
            </spreektTijdensAgendapunt>
        </spreektTijdensSpreekfragment>
        <spreektTijdensSpreekfragment>
            <tijdsaanduidingMediabron>
                <aanvang>00:14:05</aanvang>
            </tijdsaanduidingMediabron>
            <spreektTijdensAgendapunt>
                <verwijzingID>2028a00aaa2a8aaa00a2aab6bdaef</verwijzingID>
            </spreektTijdensAgendapunt>
        </spreektTijdensSpreekfragment>
        <spreektTijdensSpreekfragment>
            <tijdsaanduidingMediabron>
                <aanvang>00:15:01</aanvang>
            </tijdsaanduidingMediabron>
            <spreektTijdensAgendapunt>
                <verwijzingID>2028a00aaa2a8aaa00a2aab6bdaef</verwijzingID>
            </spreektTijdensAgendapunt>
        </spreektTijdensSpreekfragment>
        <spreektTijdensSpreekfragment>
            <tijdsaanduidingMediabron>
                <aanvang>00:15:45</aanvang>
            </tijdsaanduidingMediabron>
            <spreektTijdensAgendapunt>
                <verwijzingID>2028a00aaa2a8aaa00a2aab6bdaef</verwijzingID>
            </spreektTijdensAgendapunt>
        </spreektTijdensSpreekfragment>
        <spreektTijdensSpreekfragment>
            <tijdsaanduidingMediabron>
                <aanvang>00:17:43</aanvang>
            </tijdsaanduidingMediabron>
            <spreektTijdensAgendapunt>
                <verwijzingID>2028a00aaa2a8aaa00a2aab6bdaef</verwijzingID>
            </spreektTijdensAgendapunt>
        </spreektTijdensSpreekfragment>
        <spreektTijdensSpreekfragment>
            <tijdsaanduidingMediabron>
                <aanvang>00:18:14</aanvang>
            </tijdsaanduidingMediabron>
            <spreektTijdensAgendapunt>
                <verwijzingID>2028a00aaa2a8aaa00a2aab6bdaef</verwijzingID>
            </spreektTijdensAgendapunt>
        </spreektTijdensSpreekfragment>
        <spreektTijdensSpreekfragment>
            <tijdsaanduidingMediabron>
                <aanvang>00:18:56</aanvang>
            </tijdsaanduidingMediabron>
            <spreektTijdensAgendapunt>
                <verwijzingID>2028a00aaa2a8aaa00a2aab6bdaef</verwijzingID>
            </spreektTijdensAgendapunt>
        </spreektTijdensSpreekfragment>
        <spreektTijdensSpreekfragment>
            <tijdsaanduidingMediabron>
                <aanvang>00:19:11</aanvang>
            </tijdsaanduidingMediabron>
            <spreektTijdensAgendapunt>
                <verwijzingID>2028a00aaa2a8aaa00a2aab6bdaef</verwijzingID>
            </spreektTijdensAgendapunt>
        </spreektTijdensSpreekfragment>
        <spreektTijdensSpreekfragment>
            <tijdsaanduidingMediabron>
                <aanvang>00:19:29</aanvang>
            </tijdsaanduidingMediabron>
            <spreektTijdensAgendapunt>
                <verwijzingID>2028a00aaa2a8aaa00a2aab6bdaef</verwijzingID>
            </spreektTijdensAgendapunt>
        </spreektTijdensSpreekfragment>
        <spreektTijdensSpreekfragment>
            <tijdsaanduidingMediabron>
                <aanvang>00:20:28</aanvang>
            </tijdsaanduidingMediabron>
            <spreektTijdensAgendapunt>
                <verwijzingID>2028a00aaa2a8aaa00a2aab6bdaef</verwijzingID>
            </spreektTijdensAgendapunt>
        </spreektTijdensSpreekfragment>
        <spreektTijdensSpreekfragment>
            <tijdsaanduidingMediabron>
                <aanvang>00:21:23</aanvang>
            </tijdsaanduidingMediabron>
            <spreektTijdensAgendapunt>
                <verwijzingID>2028a00aaa2a8aaa00a2aab6bdaef</verwijzingID>
            </spreektTijdensAgendapunt>
        </spreektTijdensSpreekfragment>
        <spreektTijdensSpreekfragment>
            <tijdsaanduidingMediabron>
                <aanvang>00:22:13</aanvang>
            </tijdsaanduidingMediabron>
            <spreektTijdensAgendapunt>
                <verwijzingID>2028a00aaa2a8aaa00a2aab6bdaef</verwijzingID>
            </spreektTijdensAgendapunt>
        </spreektTijdensSpreekfragment>
        <spreektTijdensSpreekfragment>
            <tijdsaanduidingMediabron>
                <aanvang>00:22:18</aanvang>
            </tijdsaanduidingMediabron>
            <spreektTijdensAgendapunt>
                <verwijzingID>2028a00aaa2a8aaa00a2aab6bdaef</verwijzingID>
            </spreektTijdensAgendapunt>
        </spreektTijdensSpreekfragment>
        <spreektTijdensSpreekfragment>
            <tijdsaanduidingMediabron>
                <aanvang>00:22:57</aanvang>
            </tijdsaanduidingMediabron>
            <spreektTijdensAgendapunt>
                <verwijzingID>2028a00aaa2a8aaa00a2aab6bdaef</verwijzingID>
            </spreektTijdensAgendapunt>
        </spreektTijdensSpreekfragment>
        <spreektTijdensSpreekfragment>
            <tijdsaanduidingMediabron>
                <aanvang>00:23:26</aanvang>
            </tijdsaanduidingMediabron>
            <spreektTijdensAgendapunt>
                <verwijzingID>2028a00aaa2a8aaa00a2aab6bdaef</verwijzingID>
            </spreektTijdensAgendapunt>
        </spreektTijdensSpreekfragment>
        <spreektTijdensSpreekfragment>
            <tijdsaanduidingMediabron>
                <aanvang>00:23:41</aanvang>
            </tijdsaanduidingMediabron>
            <spreektTijdensAgendapunt>
                <verwijzingID>2028a00aaa2a8aaa00a2aab6bdaef</verwijzingID>
            </spreektTijdensAgendapunt>
        </spreektTijdensSpreekfragment>
        <spreektTijdensSpreekfragment>
            <tijdsaanduidingMediabron>
                <aanvang>00:23:42</aanvang>
            </tijdsaanduidingMediabron>
            <spreektTijdensAgendapunt>
                <verwijzingID>2028a00aaa2a8aaa00a2aab6bdaef</verwijzingID>
            </spreektTijdensAgendapunt>
        </spreektTijdensSpreekfragment>
        <spreektTijdensSpreekfragment>
            <tijdsaanduidingMediabron>
                <aanvang>00:25:48</aanvang>
            </tijdsaanduidingMediabron>
            <spreektTijdensAgendapunt>
                <verwijzingID>2028a00aaa2a8aaa00a2aab6bdaef</verwijzingID>
            </spreektTijdensAgendapunt>
        </spreektTijdensSpreekfragment>
        <spreektTijdensSpreekfragment>
            <tijdsaanduidingMediabron>
                <aanvang>00:26:22</aanvang>
            </tijdsaanduidingMediabron>
            <spreektTijdensAgendapunt>
                <verwijzingID>202282aa200aa08200a2821eb50cf</verwijzingID>
            </spreektTijdensAgendapunt>
        </spreektTijdensSpreekfragment>
        <spreektTijdensSpreekfragment>
            <tijdsaanduidingMediabron>
                <aanvang>00:27:46</aanvang>
            </tijdsaanduidingMediabron>
            <spreektTijdensAgendapunt>
                <verwijzingID>202282aa200aa08200a2821eb50cf</verwijzingID>
            </spreektTijdensAgendapunt>
        </spreektTijdensSpreekfragment>
        <spreektTijdensSpreekfragment>
            <tijdsaanduidingMediabron>
                <aanvang>00:28:49</aanvang>
            </tijdsaanduidingMediabron>
            <spreektTijdensAgendapunt>
                <verwijzingID>202282aa200aa08200a2821eb50cf</verwijzingID>
            </spreektTijdensAgendapunt>
        </spreektTijdensSpreekfragment>
    </aanwezigeDeelnemer>
    <aanwezigeDeelnemer>
        <rolnaam>
            <begripLabel>Raadslid</begripLabel>
            <verwijzingBegrippenlijst>
                <verwijzingID>https://ori-a.nl/begrippenlijsten#deelnemerrollen</verwijzingID>
            </verwijzingBegrippenlijst>
        </rolnaam>
        <isNatuurlijkPersoon>
            <ID>Persoon-1</ID>
            <naam>
                <achternaam>Vos</achternaam>
                <volledigeNaam>Thijs Vos</volledigeNaam>
            </naam>
            <geslachtsaanduiding>Man</geslachtsaanduiding>
            <functie>
                <begripLabel>Raadslid</begripLabel>
                <verwijzingBegrippenlijst>
                    <verwijzingID>https://ori-a.nl/begrippenlijsten#functies</verwijzingID>
                </verwijzingBegrippenlijst>
            </functie>
            <nevenfunctie>
                <omschrijving>Promovendus</omschrijving>
                <naamOrganisatie>Universiteit Leiden</naamOrganisatie>
                <indicatieBezoldigd>true</indicatieBezoldigd>
            </nevenfunctie>
            <isLidVanFractie>
                <indicatieVoorzitter>true</indicatieVoorzitter>
                <verwijzingFractie>
                    <verwijzingID>PS-gm0546</verwijzingID>
                </verwijzingFractie>
            </isLidVanFractie>
        </isNatuurlijkPersoon>
        <neemtDeelAanStemming>
            <keuzeStemming>Voor</keuzeStemming>
            <gegevenOpStemming>
                <verwijzingID>RV 23.0081</verwijzingID>
            </gegevenOpStemming>
        </neemtDeelAanStemming>
        <spreektTijdensSpreekfragment>
            <tijdsaanduidingMediabron>
                <aanvang>00:28:14</aanvang>
            </tijdsaanduidingMediabron>
            <spreektTijdensAgendapunt>
                <verwijzingID>202282aa200aa08200a2821eb50cf</verwijzingID>
            </spreektTijdensAgendapunt>
        </spreektTijdensSpreekfragment>
    </aanwezigeDeelnemer>
    <aanwezigeDeelnemer>
        <rolnaam>
            <begripLabel>Raadslid</begripLabel>
            <verwijzingBegrippenlijst>
                <verwijzingID>https://ori-a.nl/begrippenlijsten#deelnemerrollen</verwijzingID>
            </verwijzingBegrippenlijst>
        </rolnaam>
        <isNatuurlijkPersoon>
            <ID>Persoon-2</ID>
            <naam>
                <achternaam>Rowaan</achternaam>
                <volledigeNaam>Rembrandt Rowaan</volledigeNaam>
            </naam>
            <geslachtsaanduiding>Man</geslachtsaanduiding>
            <functie>
                <begripLabel>Raadslid</begripLabel>
                <verwijzingBegrippenlijst>
                    <verwijzingID>https://ori-a.nl/begrippenlijsten#functies</verwijzingID>
                </verwijzingBegrippenlijst>
            </functie>
            <nevenfunctie>
                <omschrijving>Projectmanager Sociale Zaken en Werkgelegenheid</omschrijving>
                <naamOrganisatie>Gemeente Den Haag</naamOrganisatie>
                <indicatieBezoldigd>true</indicatieBezoldigd>
            </nevenfunctie>
            <isLidVanFractie>
                <indicatieVoorzitter>true</indicatieVoorzitter>
                <verwijzingFractie>
                    <verwijzingID>GL-gm0546</verwijzingID>
                </verwijzingFractie>
            </isLidVanFractie>
        </isNatuurlijkPersoon>
        <neemtDeelAanStemming>
            <keuzeStemming>Voor</keuzeStemming>
            <gegevenOpStemming>
                <verwijzingID>RV 23.0081</verwijzingID>
            </gegevenOpStemming>
        </neemtDeelAanStemming>
    </aanwezigeDeelnemer>
    <aanwezigeDeelnemer>
        <rolnaam>
            <begripLabel>Raadslid</begripLabel>
            <verwijzingBegrippenlijst>
                <verwijzingID>https://ori-a.nl/begrippenlijsten#deelnemerrollen</verwijzingID>
            </verwijzingBegrippenlijst>
        </rolnaam>
        <isNatuurlijkPersoon>
            <ID>Persoon-3</ID>
            <naam>
                <achternaam>Crom</achternaam>
                <tussenvoegsel>de</tussenvoegsel>
                <volledigeNaam>Maarten de Crom</volledigeNaam>
            </naam>
            <geslachtsaanduiding>Man</geslachtsaanduiding>
            <functie>
                <begripLabel>Raadslid</begripLabel>
                <verwijzingBegrippenlijst>
                    <verwijzingID>https://ori-a.nl/begrippenlijsten#functies</verwijzingID>
                </verwijzingBegrippenlijst>
            </functie>
            <isLidVanFractie>
                <indicatieVoorzitter>true</indicatieVoorzitter>
                <verwijzingFractie>
                    <verwijzingID>VVD-gm0546</verwijzingID>
                </verwijzingFractie>
            </isLidVanFractie>
        </isNatuurlijkPersoon>
        <neemtDeelAanStemming>
            <keuzeStemming>Voor</keuzeStemming>
            <gegevenOpStemming>
                <verwijzingID>RV 23.0081</verwijzingID>
            </gegevenOpStemming>
        </neemtDeelAanStemming>
    </aanwezigeDeelnemer>
    <aanwezigeDeelnemer>
        <rolnaam>
            <begripLabel>Raadslid</begripLabel>
            <verwijzingBegrippenlijst>
                <verwijzingID>https://ori-a.nl/begrippenlijsten#deelnemerrollen</verwijzingID>
            </verwijzingBegrippenlijst>
        </rolnaam>
        <isNatuurlijkPersoon>
            <ID>Persoon-5</ID>
            <naam>
                <achternaam>Groot</achternaam>
                <tussenvoegsel>de</tussenvoegsel>
                <volledigeNaam>Julia de Groot</volledigeNaam>
            </naam>
            <geslachtsaanduiding>Vrouw</geslachtsaanduiding>
            <functie>
                <begripLabel>Raadslid</begripLabel>
                <verwijzingBegrippenlijst>
                    <verwijzingID>https://ori-a.nl/begrippenlijsten#functies</verwijzingID>
                </verwijzingBegrippenlijst>
            </functie>
            <isLidVanFractie>
                <indicatieVoorzitter>false</indicatieVoorzitter>
                <verwijzingFractie>
                    <verwijzingID>D66-gm0546</verwijzingID>
                </verwijzingFractie>
            </isLidVanFractie>
        </isNatuurlijkPersoon>
        <neemtDeelAanStemming>
            <keuzeStemming>Voor</keuzeStemming>
            <gegevenOpStemming>
                <verwijzingID>RV 23.0081</verwijzingID>
            </gegevenOpStemming>
        </neemtDeelAanStemming>
    </aanwezigeDeelnemer>
    <aanwezigeDeelnemer>
        <rolnaam>
            <begripLabel>Raadslid</begripLabel>
            <verwijzingBegrippenlijst>
                <verwijzingID>https://ori-a.nl/begrippenlijsten#deelnemerrollen</verwijzingID>
            </verwijzingBegrippenlijst>
        </rolnaam>
        <isNatuurlijkPersoon>
            <ID>Persoon-6</ID>
            <naam>
                <achternaam>Theeuwen</achternaam>
                <volledigeNaam>Antoine Theeuwen</volledigeNaam>
            </naam>
            <geslachtsaanduiding>Man</geslachtsaanduiding>
            <functie>
                <begripLabel>Raadslid</begripLabel>
                <verwijzingBegrippenlijst>
                    <verwijzingID>https://ori-a.nl/begrippenlijsten#functies</verwijzingID>
                </verwijzingBegrippenlijst>
            </functie>
            <isLidVanFractie>
                <indicatieVoorzitter>true</indicatieVoorzitter>
                <verwijzingFractie>
                    <verwijzingID>SP-gm0546</verwijzingID>
                </verwijzingFractie>
            </isLidVanFractie>
        </isNatuurlijkPersoon>
        <neemtDeelAanStemming>
            <keuzeStemming>Voor</keuzeStemming>
            <gegevenOpStemming>
                <verwijzingID>RV 23.0081</verwijzingID>
            </gegevenOpStemming>
        </neemtDeelAanStemming>
    </aanwezigeDeelnemer>
    <aanwezigeDeelnemer>
        <rolnaam>
            <begripLabel>Raadslid</begripLabel>
            <verwijzingBegrippenlijst>
                <verwijzingID>https://ori-a.nl/begrippenlijsten#deelnemerrollen</verwijzingID>
            </verwijzingBegrippenlijst>
        </rolnaam>
        <isNatuurlijkPersoon>
            <ID>Persoon-7</ID>
            <naam>
                <achternaam>Spronsen</achternaam>
                <tussenvoegsel>van</tussenvoegsel>
                <volledigeNaam>Ivo van Spronsen</volledigeNaam>
            </naam>
            <geslachtsaanduiding>Man</geslachtsaanduiding>
            <functie>
                <begripLabel>Raadslid</begripLabel>
                <verwijzingBegrippenlijst>
                    <verwijzingID>https://ori-a.nl/begrippenlijsten#functies</verwijzingID>
                </verwijzingBegrippenlijst>
            </functie>
            <nevenfunctie>
                <omschrijving>Voorzitter RozeLinks</omschrijving>
                <indicatieBezoldigd>false</indicatieBezoldigd>
            </nevenfunctie>
            <isLidVanFractie>
                <indicatieVoorzitter>false</indicatieVoorzitter>
                <verwijzingFractie>
                    <verwijzingID>GL-gm0546</verwijzingID>
                </verwijzingFractie>
            </isLidVanFractie>
        </isNatuurlijkPersoon>
        <neemtDeelAanStemming>
            <keuzeStemming>Voor</keuzeStemming>
            <gegevenOpStemming>
                <verwijzingID>RV 23.0081</verwijzingID>
            </gegevenOpStemming>
        </neemtDeelAanStemming>
        <spreektTijdensSpreekfragment>
            <tijdsaanduidingMediabron>
                <aanvang>00:00:56</aanvang>
            </tijdsaanduidingMediabron>
            <spreektTijdensAgendapunt>
                <verwijzingID>2028a00aaa2a8aaa00a2aab6bdaef</verwijzingID>
            </spreektTijdensAgendapunt>
        </spreektTijdensSpreekfragment>
        <spreektTijdensSpreekfragment>
            <tijdsaanduidingMediabron>
                <aanvang>00:02:54</aanvang>
            </tijdsaanduidingMediabron>
            <spreektTijdensAgendapunt>
                <verwijzingID>2028a00aaa2a8aaa00a2aab6bdaef</verwijzingID>
            </spreektTijdensAgendapunt>
        </spreektTijdensSpreekfragment>
        <spreektTijdensSpreekfragment>
            <tijdsaanduidingMediabron>
                <aanvang>00:05:17</aanvang>
            </tijdsaanduidingMediabron>
            <spreektTijdensAgendapunt>
                <verwijzingID>2028a00aaa2a8aaa00a2aab6bdaef</verwijzingID>
            </spreektTijdensAgendapunt>
        </spreektTijdensSpreekfragment>
        <spreektTijdensSpreekfragment>
            <tijdsaanduidingMediabron>
                <aanvang>00:12:19</aanvang>
            </tijdsaanduidingMediabron>
            <spreektTijdensAgendapunt>
                <verwijzingID>2028a00aaa2a8aaa00a2aab6bdaef</verwijzingID>
            </spreektTijdensAgendapunt>
        </spreektTijdensSpreekfragment>
        <spreektTijdensSpreekfragment>
            <tijdsaanduidingMediabron>
                <aanvang>00:13:29</aanvang>
            </tijdsaanduidingMediabron>
            <spreektTijdensAgendapunt>
                <verwijzingID>2028a00aaa2a8aaa00a2aab6bdaef</verwijzingID>
            </spreektTijdensAgendapunt>
        </spreektTijdensSpreekfragment>
        <spreektTijdensSpreekfragment>
            <tijdsaanduidingMediabron>
                <aanvang>00:15:02</aanvang>
            </tijdsaanduidingMediabron>
            <spreektTijdensAgendapunt>
                <verwijzingID>2028a00aaa2a8aaa00a2aab6bdaef</verwijzingID>
            </spreektTijdensAgendapunt>
        </spreektTijdensSpreekfragment>
        <spreektTijdensSpreekfragment>
            <tijdsaanduidingMediabron>
                <aanvang>00:19:07</aanvang>
            </tijdsaanduidingMediabron>
            <spreektTijdensAgendapunt>
                <verwijzingID>2028a00aaa2a8aaa00a2aab6bdaef</verwijzingID>
            </spreektTijdensAgendapunt>
        </spreektTijdensSpreekfragment>
        <spreektTijdensSpreekfragment>
            <tijdsaanduidingMediabron>
                <aanvang>00:19:21</aanvang>
            </tijdsaanduidingMediabron>
            <spreektTijdensAgendapunt>
                <verwijzingID>2028a00aaa2a8aaa00a2aab6bdaef</verwijzingID>
            </spreektTijdensAgendapunt>
        </spreektTijdensSpreekfragment>
        <spreektTijdensSpreekfragment>
            <tijdsaanduidingMediabron>
                <aanvang>00:21:25</aanvang>
            </tijdsaanduidingMediabron>
            <spreektTijdensAgendapunt>
                <verwijzingID>2028a00aaa2a8aaa00a2aab6bdaef</verwijzingID>
            </spreektTijdensAgendapunt>
        </spreektTijdensSpreekfragment>
        <spreektTijdensSpreekfragment>
            <tijdsaanduidingMediabron>
                <aanvang>00:24:33</aanvang>
            </tijdsaanduidingMediabron>
            <spreektTijdensAgendapunt>
                <verwijzingID>2028a00aaa2a8aaa00a2aab6bdaef</verwijzingID>
            </spreektTijdensAgendapunt>
        </spreektTijdensSpreekfragment>
        <spreektTijdensSpreekfragment>
            <tijdsaanduidingMediabron>
                <aanvang>00:27:03</aanvang>
            </tijdsaanduidingMediabron>
            <spreektTijdensAgendapunt>
                <verwijzingID>202282aa200aa08200a2821eb50cf</verwijzingID>
            </spreektTijdensAgendapunt>
        </spreektTijdensSpreekfragment>
    </aanwezigeDeelnemer>
    <aanwezigeDeelnemer>
        <rolnaam>
            <begripLabel>Raadslid</begripLabel>
            <verwijzingBegrippenlijst>
                <verwijzingID>https://ori-a.nl/begrippenlijsten#deelnemerrollen</verwijzingID>
            </verwijzingBegrippenlijst>
        </rolnaam>
        <isNatuurlijkPersoon>
            <ID>Persoon-8</ID>
            <naam>
                <achternaam>Jordan</achternaam>
                <volledigeNaam>Antje Jordan</volledigeNaam>
            </naam>
            <geslachtsaanduiding>Vrouw</geslachtsaanduiding>
            <functie>
                <begripLabel>Raadslid</begripLabel>
                <verwijzingBegrippenlijst>
                    <verwijzingID>https://ori-a.nl/begrippenlijsten#functies</verwijzingID>
                </verwijzingBegrippenlijst>
            </functie>
            <nevenfunctie>
                <omschrijving>Transitiemanager</omschrijving>
                <naamOrganisatie>Provincie Zuid-Holland</naamOrganisatie>
                <indicatieBezoldigd>true</indicatieBezoldigd>
            </nevenfunctie>
            <isLidVanFractie>
                <indicatieVoorzitter>false</indicatieVoorzitter>
                <verwijzingFractie>
                    <verwijzingID>D66-gm0546</verwijzingID>
                </verwijzingFractie>
            </isLidVanFractie>
        </isNatuurlijkPersoon>
        <neemtDeelAanStemming>
            <keuzeStemming>Tegen</keuzeStemming>
            <gegevenOpStemming>
                <verwijzingID>RV 23.0081</verwijzingID>
            </gegevenOpStemming>
        </neemtDeelAanStemming>
        <spreektTijdensSpreekfragment>
            <tijdsaanduidingMediabron>
                <aanvang>00:23:17</aanvang>
            </tijdsaanduidingMediabron>
            <spreektTijdensAgendapunt>
                <verwijzingID>2028a00aaa2a8aaa00a2aab6bdaef</verwijzingID>
            </spreektTijdensAgendapunt>
        </spreektTijdensSpreekfragment>
    </aanwezigeDeelnemer>
    <aanwezigeDeelnemer>
        <rolnaam>
            <begripLabel>Raadslid</begripLabel>
            <verwijzingBegrippenlijst>
                <verwijzingID>https://ori-a.nl/begrippenlijsten#deelnemerrollen</verwijzingID>
            </verwijzingBegrippenlijst>
        </rolnaam>
        <isNatuurlijkPersoon>
            <ID>Persoon-9</ID>
            <naam>
                <achternaam>Otten</achternaam>
                <volledigeNaam>Martijn Otten</volledigeNaam>
            </naam>
            <geslachtsaanduiding>Man</geslachtsaanduiding>
            <functie>
                <begripLabel>Raadslid</begripLabel>
                <verwijzingBegrippenlijst>
                    <verwijzingID>https://ori-a.nl/begrippenlijsten#functies</verwijzingID>
                </verwijzingBegrippenlijst>
            </functie>
            <isLidVanFractie>
                <indicatieVoorzitter>false</indicatieVoorzitter>
                <verwijzingFractie>
                    <verwijzingID>PvdA-gm0546</verwijzingID>
                </verwijzingFractie>
            </isLidVanFractie>
        </isNatuurlijkPersoon>
        <neemtDeelAanStemming>
            <keuzeStemming>Voor</keuzeStemming>
            <gegevenOpStemming>
                <verwijzingID>RV 23.0081</verwijzingID>
            </gegevenOpStemming>
        </neemtDeelAanStemming>
        <spreektTijdensSpreekfragment>
            <tijdsaanduidingMediabron>
                <aanvang>00:05:11</aanvang>
            </tijdsaanduidingMediabron>
            <spreektTijdensAgendapunt>
                <verwijzingID>2028a00aaa2a8aaa00a2aab6bdaef</verwijzingID>
            </spreektTijdensAgendapunt>
        </spreektTijdensSpreekfragment>
        <spreektTijdensSpreekfragment>
            <tijdsaanduidingMediabron>
                <aanvang>00:17:49</aanvang>
            </tijdsaanduidingMediabron>
            <spreektTijdensAgendapunt>
                <verwijzingID>2028a00aaa2a8aaa00a2aab6bdaef</verwijzingID>
            </spreektTijdensAgendapunt>
        </spreektTijdensSpreekfragment>
    </aanwezigeDeelnemer>
    <aanwezigeDeelnemer>
        <rolnaam>
            <begripLabel>Raadslid</begripLabel>
            <verwijzingBegrippenlijst>
                <verwijzingID>https://ori-a.nl/begrippenlijsten#deelnemerrollen</verwijzingID>
            </verwijzingBegrippenlijst>
        </rolnaam>
        <isNatuurlijkPersoon>
            <ID>Persoon-10</ID>
            <naam>
                <achternaam>Sandoval Garcia</achternaam>
                <volledigeNaam>Tobias Sandoval Garcia</volledigeNaam>
            </naam>
            <geslachtsaanduiding>Man</geslachtsaanduiding>
            <functie>
                <begripLabel>Raadslid</begripLabel>
                <verwijzingBegrippenlijst>
                    <verwijzingID>https://ori-a.nl/begrippenlijsten#functies</verwijzingID>
                </verwijzingBegrippenlijst>
            </functie>
            <isLidVanFractie>
                <indicatieVoorzitter>false</indicatieVoorzitter>
                <verwijzingFractie>
                    <verwijzingID>CDA-gm0546</verwijzingID>
                </verwijzingFractie>
            </isLidVanFractie>
        </isNatuurlijkPersoon>
        <neemtDeelAanStemming>
            <keuzeStemming>Voor</keuzeStemming>
            <gegevenOpStemming>
                <verwijzingID>RV 23.0081</verwijzingID>
            </gegevenOpStemming>
        </neemtDeelAanStemming>
        <spreektTijdensSpreekfragment>
            <tijdsaanduidingMediabron>
                <aanvang>00:06:11</aanvang>
            </tijdsaanduidingMediabron>
            <spreektTijdensAgendapunt>
                <verwijzingID>2028a00aaa2a8aaa00a2aab6bdaef</verwijzingID>
            </spreektTijdensAgendapunt>
        </spreektTijdensSpreekfragment>
    </aanwezigeDeelnemer>
    <aanwezigeDeelnemer>
        <rolnaam>
            <begripLabel>Portefeuillehouder</begripLabel>
            <verwijzingBegrippenlijst>
                <verwijzingID>https://ori-a.nl/begrippenlijsten#deelnemerrollen</verwijzingID>
            </verwijzingBegrippenlijst>
        </rolnaam>
        <isNatuurlijkPersoon>
            <ID>Persoon-11</ID>
            <naam>
                <achternaam>Terpstra</achternaam>
                <volledigeNaam>Julius Terpstra</volledigeNaam>
            </naam>
            <geslachtsaanduiding>Man</geslachtsaanduiding>
            <functie>
                <begripLabel>Wethouder</begripLabel>
                <verwijzingBegrippenlijst>
                    <verwijzingID>https://ori-a.nl/begrippenlijsten#functies</verwijzingID>
                </verwijzingBegrippenlijst>
            </functie>
            <isLidVanDagelijksBestuur>
                <verwijzingDagelijksBestuur>
                    <verwijzingID>College van B&amp;W-gm0546</verwijzingID>
                </verwijzingDagelijksBestuur>
            </isLidVanDagelijksBestuur>
        </isNatuurlijkPersoon>
    </aanwezigeDeelnemer>
    <aanwezigeDeelnemer>
        <rolnaam>
            <begripLabel>Raadslid</begripLabel>
            <verwijzingBegrippenlijst>
                <verwijzingID>https://ori-a.nl/begrippenlijsten#deelnemerrollen</verwijzingID>
            </verwijzingBegrippenlijst>
        </rolnaam>
        <isNatuurlijkPersoon>
            <ID>Persoon-12</ID>
            <naam>
                <achternaam>Friso</achternaam>
                <volledigeNaam>Alex Friso</volledigeNaam>
            </naam>
            <geslachtsaanduiding>Man</geslachtsaanduiding>
            <functie>
                <begripLabel>Raadslid</begripLabel>
                <verwijzingBegrippenlijst>
                    <verwijzingID>https://ori-a.nl/begrippenlijsten#functies</verwijzingID>
                </verwijzingBegrippenlijst>
            </functie>
            <isLidVanFractie>
                <indicatieVoorzitter>false</indicatieVoorzitter>
                <verwijzingFractie>
                    <verwijzingID>GL-gm0546</verwijzingID>
                </verwijzingFractie>
            </isLidVanFractie>
        </isNatuurlijkPersoon>
        <neemtDeelAanStemming>
            <keuzeStemming>Voor</keuzeStemming>
            <gegevenOpStemming>
                <verwijzingID>RV 23.0081</verwijzingID>
            </gegevenOpStemming>
        </neemtDeelAanStemming>
        <spreektTijdensSpreekfragment>
            <tijdsaanduidingMediabron>
                <aanvang>00:24:11</aanvang>
            </tijdsaanduidingMediabron>
            <spreektTijdensAgendapunt>
                <verwijzingID>2028a00aaa2a8aaa00a2aab6bdaef</verwijzingID>
            </spreektTijdensAgendapunt>
        </spreektTijdensSpreekfragment>
    </aanwezigeDeelnemer>
</ORI-A>
