<?xml version='1.0' encoding='UTF-8'?>
<MDTO xmlns="https://www.nationaalarchief.nl/mdto" xmlns:xsi="http://www.w3.org/2001/XMLSchema-instance" xsi:schemaLocation="https://www.nationaalarchief.nl/mdto https://www.nationaalarchief.nl/mdto/MDTO-XML1.0.1.xsd">
	<bestand>
		<identificatie>
			<identificatieKenmerk>bestand-8088a20808a0280002a000280b25219e-2</identificatieKenmerk>
			<identificatieBron>Parlaeus</identificatieBron>
		</identificatie>
		<naam>Videotuul_Gemeenteraad_30_november_2023.vtt</naam>
		<omvang>49179</omvang>
		<bestandsformaat>
			<begripLabel>Web Video Text Tracks (WebVTT) Format</begripLabel>
			<begripCode>fmt/1454</begripCode>
			<begripBegrippenlijst>
				<verwijzingNaam>PRONOM-register</verwijzingNaam>
			</begripBegrippenlijst>
		</bestandsformaat>
		<checksum>
			<checksumAlgoritme>
				<begripLabel>SHA-256</begripLabel>
				<begripBegrippenlijst>
					<verwijzingNaam>Begrippenlijst ChecksumAlgoritme MDTO</verwijzingNaam>
				</begripBegrippenlijst>
			</checksumAlgoritme>
			<checksumWaarde>dcb2512ed787e65749f84f76252199644b45919d720d125592b0c2ca8f968de3</checksumWaarde>
			<checksumDatum>2025-07-22T19:09:39</checksumDatum>
		</checksum>
		<isRepresentatieVan>
			<verwijzingNaam>Videotuul Gemeenteraad 30 november 2023</verwijzingNaam>
			<verwijzingIdentificatie>
				<identificatieKenmerk>8088a20808a0280002a000280b25219e</identificatieKenmerk>
				<identificatieBron>Parlaeus</identificatieBron>
			</verwijzingIdentificatie>
		</isRepresentatieVan>
	</bestand>
</MDTO>
