<?xml version='1.0' encoding='UTF-8'?>
<MDTO xmlns="https://www.nationaalarchief.nl/mdto" xmlns:xsi="http://www.w3.org/2001/XMLSchema-instance" xsi:schemaLocation="https://www.nationaalarchief.nl/mdto https://www.nationaalarchief.nl/mdto/MDTO-XML1.0.1.xsd">
	<bestand>
		<identificatie>
			<identificatieKenmerk>bestand-8088a20808a0280002a000280b25219e</identificatieKenmerk>
			<identificatieBron>Parlaeus</identificatieBron>
		</identificatie>
		<naam>Videotuul_Gemeenteraad_30_november_2023.mp4</naam>
		<omvang>58348088</omvang>
		<bestandsformaat>
			<begripLabel>mp4</begripLabel>
			<begripCode>video/mp4</begripCode>
			<begripBegrippenlijst>
				<verwijzingNaam>IANA Media types</verwijzingNaam>
			</begripBegrippenlijst>
		</bestandsformaat>
		<checksum>
			<checksumAlgoritme>
				<begripLabel>SHA-256</begripLabel>
				<begripBegrippenlijst>
					<verwijzingNaam>Begrippenlijst ChecksumAlgoritme MDTO</verwijzingNaam>
				</begripBegrippenlijst>
			</checksumAlgoritme>
			<checksumWaarde>f91cbe3fbd24b18e81aae2298265defc047de230dcaa35a0c06ce811d0329e90</checksumWaarde>
			<checksumDatum>2025-07-22T19:15:24</checksumDatum>
		</checksum>
		<URLBestand>https://streamings.streamovations.nl/leiden/8088a20808a0280002a000280b25219e/download</URLBestand>
		<isRepresentatieVan>
			<verwijzingNaam>Videotuul Gemeenteraad 30 november 2023</verwijzingNaam>
			<verwijzingIdentificatie>
				<identificatieKenmerk>8088a20808a0280002a000280b25219e</identificatieKenmerk>
				<identificatieBron>Parlaeus</identificatieBron>
			</verwijzingIdentificatie>
		</isRepresentatieVan>
	</bestand>
</MDTO>
