<?xml version='1.0' encoding='UTF-8'?>
<MDTO xmlns="https://www.nationaalarchief.nl/mdto" xmlns:xsi="http://www.w3.org/2001/XMLSchema-instance" xsi:schemaLocation="https://www.nationaalarchief.nl/mdto https://www.nationaalarchief.nl/mdto/MDTO-XML1.0.1.xsd">
	<bestand>
		<identificatie>
			<identificatieKenmerk>bestand-0222a20280888a00002a00f22242c</identificatieKenmerk>
			<identificatieBron>Parlaeus</identificatieBron>
		</identificatie>
		<naam>RV_23.0081_Delegatiebesluit_Omgevingsplan_Leiden_2023.pdf</naam>
		<omvang>99309</omvang>
		<bestandsformaat>
			<begripLabel>Acrobat PDF 1.7 - Portable Document Format</begripLabel>
			<begripCode>fmt/276</begripCode>
			<begripBegrippenlijst>
				<verwijzingNaam>PRONOM-register</verwijzingNaam>
			</begripBegrippenlijst>
		</bestandsformaat>
		<checksum>
			<checksumAlgoritme>
				<begripLabel>SHA-256</begripLabel>
				<begripBegrippenlijst>
					<verwijzingNaam>Begrippenlijst ChecksumAlgoritme MDTO</verwijzingNaam>
				</begripBegrippenlijst>
			</checksumAlgoritme>
			<checksumWaarde>a2d15d7f540945bcf81c6cc39fb2b7cd1fdd28e73ab14c04790a5cec652d9781</checksumWaarde>
			<checksumDatum>2025-07-07T20:36:41</checksumDatum>
		</checksum>
		<isRepresentatieVan>
			<verwijzingNaam>RV 23.0081 Delegatiebesluit Omgevingsplan Leiden 2023</verwijzingNaam>
			<verwijzingIdentificatie>
				<identificatieKenmerk>0222a20280888a00002a00f22242c</identificatieKenmerk>
				<identificatieBron>Parlaeus</identificatieBron>
			</verwijzingIdentificatie>
		</isRepresentatieVan>
	</bestand>
</MDTO>
